Gene name,ensembl_gene_id,target_id,pval,qval,b,Log2
Chrnd,ENSMUSG00000026251,ENSMUST00000186373.1,4.32042159609312E-28,8.99141454455494E-25,6.3746970719,9.1967438527
Prkaa1,ENSMUSG00000050697,ENSMUST00000051186.8,2.98120505935461E-05,0.0036527411,5.9855768098,8.6353619804
Cul4b,ENSMUSG00000031095,ENSMUST00000016681.14,5.56462159630879E-06,0.000862398,5.7282880519,8.2641727652
Mymk,ENSMUSG00000009214,ENSMUST00000009358.8,3.045394111461E-13,1.92892614851147E-10,5.3050097603,7.6535112731
A930003A15Rik,ENSMUSG00000075330,ENSMUST00000100083.3,8.5695139687675E-20,1.01222172565139E-16,5.0787087881,7.3270279827
Supv3l1,ENSMUSG00000020079,ENSMUST00000162023.1,0.0003062597,0.0239013795,4.9570932678,7.1515738747
Zfp518b,ENSMUSG00000046572,ENSMUST00000057258.10,0.0001340671,0.0124665332,4.9184906777,7.0958821094
Chrng,ENSMUSG00000026253,ENSMUST00000027470.13,1.2682296437545E-38,4.26359295004975E-35,4.7419576218,6.841198745
Musk,ENSMUSG00000057280,ENSMUST00000084578.11,2.60562695746787E-05,0.0032723081,4.5784792058,6.6053492451
Ttyh1,ENSMUSG00000030428,ENSMUST00000032594.12,0.0002048917,0.017489425,4.5744006299,6.5994651037
Porcn,ENSMUSG00000031169,ENSMUST00000077595.11,6.86154789721183E-06,0.0010269763,4.5726042801,6.5968735189
Tpm1,ENSMUSG00000032366,ENSMUST00000139046.7,0.0004340148,0.0316664118,4.5424039585,6.5533036647
Pls3,ENSMUSG00000016382,ENSMUST00000033547.13,0.0001669538,0.0148303864,4.5404222656,6.5504446862
Klc2,ENSMUSG00000024862,ENSMUST00000025798.12,0.0007319462,0.0473910758,4.5282729838,6.5329169775
Tfdp2,ENSMUSG00000032411,ENSMUST00000179065.7,8.22861170301249E-05,0.00824,4.5165439321,6.5159955328
Gm15310,ENSMUSG00000089814,ENSMUST00000117891.1,2.48347116389917E-11,1.15465557177712E-08,4.5151521465,6.5139876106
Dusp13,ENSMUSG00000021768,ENSMUST00000183824.7,5.47189408456097E-05,0.0059647025,4.3452744714,6.2689059312
Cldn12,ENSMUSG00000046798,ENSMUST00000179804.7,0.000463447,0.0334232483,4.3296450496,6.2463574418
Ss18l2,ENSMUSG00000032526,ENSMUST00000215966.1,0.0004562383,0.0329577526,4.3295040471,6.2461540183
Scn5a,ENSMUSG00000032511,ENSMUST00000065196.12,3.64566013994186E-57,2.65549884593365E-53,4.2870491486,6.1849045468
Dnajb5,ENSMUSG00000036052,ENSMUST00000084662.11,0.0004919527,0.0346220613,4.2311117431,6.1042039292
Phtf1,ENSMUSG00000058388,ENSMUST00000090685.10,0.0007829822,0.0499554056,4.1405715679,5.9735820675
Arpp21,ENSMUSG00000032503,ENSMUST00000159220.7,0.000421994,0.0310292281,4.054844706,5.8499043489
Ttyh1,ENSMUSG00000030428,ENSMUST00000148951.7,1.34388537341463E-05,0.0018354114,3.9896867269,5.7559012556
Chrng,ENSMUSG00000026253,ENSMUST00000186038.1,4.65183912069447E-05,0.0052138021,3.8821138211,5.6007063579
Gdf5,ENSMUSG00000038259,ENSMUST00000040162.2,1.05822552438237E-38,3.85405735980059E-35,3.8602189602,5.5691187506
Ppp1r27,ENSMUSG00000025129,ENSMUST00000026121.2,3.70661740156856E-16,3.30600014118678E-13,3.7577096297,5.4212290479
Myog,ENSMUSG00000026459,ENSMUST00000027730.5,6.40451532269353E-49,3.11003264069998E-45,3.7291379004,5.3800087557
Acsl6,ENSMUSG00000020333,ENSMUST00000139484.1,3.53568556212102E-05,0.0042143248,3.6730551243,5.2990984128
Ankrd1,ENSMUSG00000024803,ENSMUST00000025718.8,1.97612296208228E-21,2.69888993546387E-18,3.6366362119,5.2465570284
Chrng,ENSMUSG00000026253,ENSMUST00000189392.1,4.79962388728274E-05,0.0053647765,3.5103813888,5.0644098212
Cited1,ENSMUSG00000051159,ENSMUST00000050551.9,4.43128050428927E-06,0.0007018178,3.3403391955,4.8190907922
Pln,ENSMUSG00000038583,ENSMUST00000219921.1,0.000546464,0.0377293217,3.2747814992,4.7245110288
Gm48670,ENSMUSG00000111333,ENSMUST00000217454.1,0.0004445231,0.0323297129,3.2419411266,4.6771323862
Kcnn3,ENSMUSG00000000794,ENSMUST00000000811.7,0.000000032,8.24237646647662E-06,3.2019032243,4.619369903
Orm2,ENSMUSG00000061540,ENSMUST00000075341.3,1.66525755882844E-05,0.0021987437,3.0968671486,4.4678348776
Dusp13,ENSMUSG00000021768,ENSMUST00000127051.3,0.0003408906,0.0259551936,2.9246515005,4.2193802161
Myod1,ENSMUSG00000009471,ENSMUST00000072514.2,4.53177177978994E-19,5.07837317599845E-16,2.792509926,4.0287402219
Adra1b,ENSMUSG00000050541,ENSMUST00000124306.1,0.0004809996,0.0342371421,2.79062432,4.0260198675
Adra1b,ENSMUSG00000050541,ENSMUST00000167574.1,0.0004809996,0.0342371421,2.79062432,4.0260198675
Ankrd2,ENSMUSG00000025172,ENSMUST00000026172.2,9.81261906296485E-05,0.0096587996,2.7503355292,3.9678954288
Chrnd,ENSMUSG00000026251,ENSMUST00000073252.8,3.25176464741766E-10,1.29195565591583E-07,2.6844608071,3.8728582938
Chrna1,ENSMUSG00000027107,ENSMUST00000028515.3,1.17245311873943E-23,1.8978107815329E-20,2.6421300824,3.8117879673
Clca1,ENSMUSG00000028255,ENSMUST00000029919.6,0.000182748,0.0159645157,2.554302116,3.6850789956
Gadd45a,ENSMUSG00000036390,ENSMUST00000043098.8,7.2389381500845E-85,3.16370552911293E-80,2.5536272492,3.6841053687
Ncam1,ENSMUSG00000039542,ENSMUST00000114476.7,0.0001099219,0.0105582958,2.5380684159,3.661658717
Plekhh1,ENSMUSG00000060716,ENSMUST00000039928.6,1.56065637505144E-05,0.002092237,2.5348649148,3.6570370419
S100a8,ENSMUSG00000056054,ENSMUST00000069927.9,0.0002015888,0.0172863532,2.5210074541,3.6370449521
Traf3ip3,ENSMUSG00000037318,ENSMUST00000192020.5,0.000059094,0.0063611915,2.3929075594,3.4522358693
Arhgdig,ENSMUSG00000073433,ENSMUST00000025019.8,1.53023853954794E-20,1.91078700378294E-17,2.3752933905,3.4268239951
Traf3ip3,ENSMUSG00000037318,ENSMUST00000160302.3,1.66952324571039E-08,4.80031867963994E-06,2.3737615715,3.4246140475
Ankrd23,ENSMUSG00000067653,ENSMUST00000193083.5,3.23629780262593E-13,2.02055941665662E-10,2.3224921437,3.3506478982
Chrnb1,ENSMUSG00000041189,ENSMUST00000154816.1,9.21435453395621E-06,0.0013290566,2.2784141553,3.2870568029
Dusp13,ENSMUSG00000021768,ENSMUST00000120984.8,5.2208803582535E-57,3.25961935967301E-53,2.253597725,3.251254262
Dppa5a,ENSMUSG00000060461,ENSMUST00000071991.5,0.0004914781,0.0346220613,2.2100292369,3.1883982203
Kcnn3,ENSMUSG00000000794,ENSMUST00000124584.3,3.60852028834951E-67,5.25689235606757E-63,2.1666734509,3.1258490429
Scx,ENSMUSG00000034161,ENSMUST00000043089.8,4.62337546509924E-12,2.65868422798286E-09,2.1382178333,3.0847962644
Dupd1,ENSMUSG00000063821,ENSMUST00000073870.6,0.0006147721,0.0412085892,2.1262130884,3.0674770785
Dusp13,ENSMUSG00000021768,ENSMUST00000119866.8,1.73832977217894E-29,3.877908733222E-26,2.1191118877,3.0572322114
Dusp13,ENSMUSG00000021768,ENSMUST00000075040.8,6.07338359673876E-30,1.47461753728817E-26,2.0780885776,2.9980480854
Dusp13,ENSMUSG00000021768,ENSMUST00000120956.7,1.03730897655712E-07,2.43734147911034E-05,2.0778057661,2.9976400747
Syt4,ENSMUSG00000024261,ENSMUST00000025110.3,9.54520941564159E-19,1.01747276171024E-15,2.074849327,2.9933748346
Plekhh1,ENSMUSG00000060716,ENSMUST00000219946.1,3.64612286150747E-49,1.99187691924153E-45,2.0209431339,2.9156046372
Zim1,ENSMUSG00000002266,ENSMUST00000002336.15,8.33652704837818E-09,2.6401418704516E-06,2.0107984632,2.9009689711
Fgf13,ENSMUSG00000031137,ENSMUST00000119306.1,2.77771190399303E-21,3.67870063794277E-18,1.9618534962,2.8303563099
Chrnb1,ENSMUSG00000041189,ENSMUST00000045971.8,2.29511808142525E-65,2.50764601576523E-61,1.9506090515,2.8141340053
Alpk2,ENSMUSG00000032845,ENSMUST00000035548.14,3.75604322009546E-24,6.56616451564208E-21,1.9487464272,2.8114468065
Zfp697,ENSMUSG00000050064,ENSMUST00000056096.14,3.1132729537055E-15,2.42968716372759E-12,1.9360696681,2.7931581089
Pln,ENSMUSG00000038583,ENSMUST00000046221.7,6.40758620846678E-09,2.05909667393259E-06,1.9318892939,2.7871271038
Fgf21,ENSMUSG00000030827,ENSMUST00000033099.5,0.0004956314,0.0347689795,1.9183724686,2.7676264471
Mybph,ENSMUSG00000042451,ENSMUST00000191577.1,2.67264244430937E-08,7.30032283663105E-06,1.9181849386,2.7673558984
Mical2,ENSMUSG00000038244,ENSMUST00000037991.11,1.86965638259929E-06,0.0003321604,1.9043271916,2.7473633956
Mical2,ENSMUSG00000038244,ENSMUST00000037991.11,1.86965638259929E-06,0.0003321604,1.9043271916,2.7473633956
Mpp3,ENSMUSG00000052373,ENSMUST00000127053.1,0.0001434648,0.0131171291,1.8911822053,2.728399189
Zfp318,ENSMUSG00000015597,ENSMUST00000138127.7,0.0002890651,0.0230843396,1.8473350382,2.6651410985
Stbd1,ENSMUSG00000047963,ENSMUST00000050952.3,3.7704584198083E-72,8.2392057389651E-68,1.8442267093,2.6606567278
Kcnf1,ENSMUSG00000051726,ENSMUST00000170580.2,0.0007706894,0.0493874049,1.8296225893,2.6395874363
Actn3,ENSMUSG00000006457,ENSMUST00000138811.1,0.000000719,0.0001366164,1.8250789548,2.6330323573
Actn3,ENSMUSG00000006457,ENSMUST00000006626.3,4.28660045867992E-06,0.0006887558,1.8159166776,2.6198139855
Atp13a3,ENSMUSG00000022533,ENSMUST00000100013.8,5.21186244566456E-10,1.99806347653793E-07,1.7835621762,2.5731363067
Wfs1,ENSMUSG00000039474,ENSMUST00000166339.7,8.30899504224427E-12,4.42849169910053E-09,1.7596565758,2.5386478155
Ankrd23,ENSMUSG00000067653,ENSMUST00000054665.9,1.21957831735944E-08,3.67862372980635E-06,1.7451424068,2.5177082959
Cdh15,ENSMUSG00000031962,ENSMUST00000034443.6,4.53168058037415E-18,4.50119472919708E-15,1.7361351436,2.504713562
Pvr,ENSMUSG00000040511,ENSMUST00000043517.7,5.44022713186655E-34,1.58506457714064E-30,1.6918018997,2.4407542108
Traf4,ENSMUSG00000017386,ENSMUST00000149437.7,1.63438846994334E-07,3.66304172771301E-05,1.6780107223,2.4208577476
Pigp,ENSMUSG00000022940,ENSMUST00000113917.7,5.89639218716613E-06,0.0009010347,1.6733856757,2.4141852158
Eda2r,ENSMUSG00000034457,ENSMUST00000037353.9,9.58287434228543E-07,0.0001797468,1.6644348267,2.4012718703
Hmga2,ENSMUSG00000056758,ENSMUST00000072777.13,2.43317169806515E-07,5.23839093065218E-05,1.6622817028,2.3981655693
Tnfrsf12a,ENSMUSG00000023905,ENSMUST00000167059.7,0.0004664567,0.0335296464,1.6575556205,2.3913472737
Runx1,ENSMUSG00000022952,ENSMUST00000023673.13,1.18832732743978E-57,1.03869315036856E-53,1.635859679,2.3600466464
Col25a1,ENSMUSG00000058897,ENSMUST00000106353.1,0.0001793794,0.0157738349,1.6351089015,2.3589635034
Fam19a5,ENSMUSG00000054863,ENSMUST00000068088.7,2.77490883837715E-08,7.39479365075823E-06,1.6061509852,2.3171860612
Dok7,ENSMUSG00000044716,ENSMUST00000114270.7,5.01837809722249E-12,2.8118358507822E-09,1.5842367718,2.2855705342
Aldh3b1,ENSMUSG00000024885,ENSMUST00000051803.6,1.44541365054996E-30,3.71590342256679E-27,1.5525137573,2.2398038985
Tln1,ENSMUSG00000028465,ENSMUST00000123985.1,1.09850739374854E-07,2.55367910299925E-05,1.5450052032,2.2289713448
Cdc42,ENSMUSG00000006699,ENSMUST00000030417.9,1.64766504848894E-36,5.14353951994003E-33,1.542016732,2.2246598922
Lrtm1,ENSMUSG00000045776,ENSMUST00000055662.3,6.23219963977023E-06,0.0009490315,1.5290202547,2.2059099389
Hacd1,ENSMUSG00000063275,ENSMUST00000114753.7,5.01912451204028E-23,7.31186058914029E-20,1.5173589785,2.1890862735
Prune2,ENSMUSG00000039126,ENSMUST00000087689.4,5.57885602627224E-11,2.48794207930818E-08,1.4640697611,2.1122061838
Megf10,ENSMUSG00000024593,ENSMUST00000075770.12,1.44534320715564E-08,4.21115196836869E-06,1.4615329293,2.1085463092
Prkag3,ENSMUSG00000006542,ENSMUST00000160732.7,0.0001365672,0.0126184634,1.4606642437,2.1072930608
Prkag3,ENSMUSG00000006542,ENSMUST00000188073.6,0.0001365672,0.0126184634,1.4606642437,2.1072930608
Npr3,ENSMUSG00000022206,ENSMUST00000066529.4,6.52048133237566E-05,0.0068667739,1.4409728177,2.0788843381
Peg3,ENSMUSG00000002265,ENSMUST00000051209.10,3.36945545009536E-10,1.32665478370241E-07,1.4197204478,2.0482236494
Slc18a1,ENSMUSG00000036330,ENSMUST00000037478.12,0.0003988788,0.0295467801,1.4169508338,2.0442279411
Gfra4,ENSMUSG00000027316,ENSMUST00000136569.1,0.0005478173,0.0377631045,1.4148051914,2.0411324334
Gadd45a,ENSMUSG00000036390,ENSMUST00000126194.1,4.44361179842589E-06,0.0007018178,1.4095804262,2.0335946906
Prr32,ENSMUSG00000037086,ENSMUST00000040002.3,1.64884333204096E-11,7.83272271559978E-09,1.4073793293,2.0304191791
Myf6,ENSMUSG00000035923,ENSMUST00000044210.4,1.77462416859876E-29,3.877908733222E-26,1.4054602352,2.0276505115
Scx,ENSMUSG00000034161,ENSMUST00000229271.1,4.65262408052087E-05,0.0052138021,1.400008671,2.0197855668
Mical2,ENSMUSG00000038244,ENSMUST00000144509.1,7.32525731805722E-06,0.0010852307,1.3759223229,1.9850363119
Mical2,ENSMUSG00000038244,ENSMUST00000144509.1,7.32525731805722E-06,0.0010852307,1.3759223229,1.9850363119
Iffo1,ENSMUSG00000038271,ENSMUST00000148835.2,8.1720820347018E-06,0.0011944905,1.3625868854,1.9657973424
Tnni2,ENSMUSG00000031097,ENSMUST00000211192.1,0.0003046296,0.0238448837,1.3519453002,1.9504447802
Myom3,ENSMUSG00000037139,ENSMUST00000145304.7,6.6856219549161E-07,0.0001283345,1.3461295872,1.9420544799
Klhl30,ENSMUSG00000026308,ENSMUST00000027533.8,4.05355378625952E-16,3.54313029349372E-13,1.3344536846,1.9252097131
Uqcc1,ENSMUSG00000005882,ENSMUST00000151078.7,3.25105444840575E-08,0.000008309,1.3236913085,1.9096828865
Creld1,ENSMUSG00000030284,ENSMUST00000129125.1,1.22775114554108E-18,1.27756276344589E-15,1.3208265358,1.905549893
Gramd1b,ENSMUSG00000040111,ENSMUST00000137454.7,2.74878630973497E-14,1.9376283367848E-11,1.3170972371,1.9001696524
Wfs1,ENSMUSG00000039474,ENSMUST00000043964.12,7.64108979666988E-08,1.83486916743769E-05,1.3134168027,1.8948599078
Myom3,ENSMUSG00000037139,ENSMUST00000105854.1,4.40267595055486E-05,0.0050238786,1.3120903203,1.8929461983
Runx1,ENSMUSG00000022952,ENSMUST00000113956.9,0.0001394477,0.01281551,1.2656212983,1.8259055708
Asb5,ENSMUSG00000031519,ENSMUST00000033918.3,4.25038587968015E-44,1.68871694986856E-40,1.2626076687,1.8215578222
Ampd3,ENSMUSG00000005686,ENSMUST00000005829.12,0.000000013,3.87826997504501E-06,1.2613479532,1.8197404369
Dapk2,ENSMUSG00000032380,ENSMUST00000129778.1,0.0002811527,0.0227125641,1.2437308465,1.7943243245
Samd8,ENSMUSG00000021770,ENSMUST00000119430.2,5.55782127771189E-23,7.83545229422968E-20,1.2364125737,1.7837662886
Ivns1abp,ENSMUSG00000023150,ENSMUST00000111887.9,2.63660758401229E-11,1.21295050370182E-08,1.2278342208,1.7713903413
Pdlim7,ENSMUSG00000021493,ENSMUST00000131306.7,0.0004237333,0.0310718829,1.2205126404,1.7608275337
Castor2,ENSMUSG00000015944,ENSMUST00000016088.8,3.24966037920152E-23,5.07225561473654E-20,1.2047022319,1.7380179356
Morf4l2,ENSMUSG00000031422,ENSMUST00000169418.7,4.36233924566474E-05,0.0049908815,1.2042823704,1.7374122036
Lsm6,ENSMUSG00000031683,ENSMUST00000146824.1,6.98218644240554E-19,7.6287369069723E-16,1.1604624116,1.6741933663
Thpo,ENSMUSG00000022847,ENSMUST00000076422.11,5.90333389537026E-12,3.22499130704077E-09,1.141895226,1.6474065798
Myo18a,ENSMUSG00000000631,ENSMUST00000135375.3,5.60490170132891E-06,0.0008655711,1.141639596,1.6470377837
Rap1gap2,ENSMUSG00000038807,ENSMUST00000123440.1,5.84750702025301E-05,0.0063101098,1.1322741851,1.6335263518
Mtch1,ENSMUSG00000024012,ENSMUST00000127423.1,1.50208679334955E-06,0.0002701531,1.1228670477,1.6199547212
Myl12a,ENSMUSG00000024048,ENSMUST00000024846.12,2.86845143315319E-15,2.27932366244594E-12,1.115544667,1.6093907589
Ccl7,ENSMUSG00000035373,ENSMUST00000021011.2,1.44752219153289E-05,0.0019646742,1.0950393955,1.5798079055
Gdnf,ENSMUSG00000022144,ENSMUST00000022744.4,1.26226184459203E-08,3.77848572986644E-06,1.0896583569,1.5720447078
Mamstr,ENSMUSG00000042918,ENSMUST00000210213.1,0.0003328362,0.0254620631,1.0726787717,1.5475483444
Mtch1,ENSMUSG00000024012,ENSMUST00000118366.7,6.3636027280172E-31,1.7382180851579E-27,1.0711166518,1.5452946818
Tubb6,ENSMUSG00000001473,ENSMUST00000001513.6,4.54156006647238E-05,0.0051554374,1.0670806514,1.539471964
Togaram2,ENSMUSG00000045761,ENSMUST00000129072.1,1.83752628138923E-05,0.0023900967,1.0600121439,1.5292742633
Rras2,ENSMUSG00000055723,ENSMUST00000069449.6,2.98691984926725E-21,3.83942191448165E-18,1.0585861982,1.5272170585
Gprc5c,ENSMUSG00000051043,ENSMUST00000053361.11,1.05827246106452E-10,4.53438623905528E-08,1.0530352961,1.5192087995
Serpinb1a,ENSMUSG00000044734,ENSMUST00000076352.7,2.76351329517422E-08,7.39479365075823E-06,1.0511317603,1.5164625779
Galns,ENSMUSG00000015027,ENSMUST00000015171.10,3.20612300773619E-08,8.24237646647662E-06,1.050923292,1.5161618217
Mrln,ENSMUSG00000019933,ENSMUST00000020090.7,3.60722918658519E-09,1.20343774328641E-06,1.0405822819,1.5012428978
Creld1,ENSMUSG00000030284,ENSMUST00000032422.5,5.67491394889091E-13,3.39748546879902E-10,1.0370475516,1.4961433598
Nr4a3,ENSMUSG00000028341,ENSMUST00000153369.1,1.3227119994184E-05,0.0018178555,1.0306235861,1.4868755366
Hspb8,ENSMUSG00000041548,ENSMUST00000036991.4,5.75231373971872E-06,0.0008821022,1.0295526779,1.4853305427
Pigp,ENSMUSG00000022940,ENSMUST00000146924.1,3.5606252137009E-06,0.0005850134,1.0262972482,1.4806339505
Impdh2,ENSMUSG00000062867,ENSMUST00000194904.1,2.11172538718694E-05,0.0027185384,1.0225941896,1.4752915661
Nrcam,ENSMUSG00000020598,ENSMUST00000220082.1,2.17383388118252E-07,4.70322950213867E-05,1.0126733468,1.4609788154
Traf4,ENSMUSG00000017386,ENSMUST00000017530.3,3.35120927419548E-16,3.05127604415498E-13,1.0112040539,1.4588590739
Dapk2,ENSMUSG00000032380,ENSMUST00000034944.8,2.58821867585593E-16,2.40671295765123E-13,1.0043596512,1.4489846881
Akt2,ENSMUSG00000004056,ENSMUST00000108344.8,1.46868428164075E-17,1.39537777923538E-14,1.002990856,1.447009934
Ehd3,ENSMUSG00000024065,ENSMUST00000024860.7,0.0002507862,0.020640982,0.9826180685,1.4176182145
Neurl1a,ENSMUSG00000006435,ENSMUST00000111807.3,6.64699681165146E-26,1.26304499415833E-22,0.9745606526,1.4059938206
Krt18,ENSMUSG00000023043,ENSMUST00000023803.7,0.0002013062,0.0172863532,0.9702235538,1.3997367096
Uqcc1,ENSMUSG00000005882,ENSMUST00000109632.7,2.71169229536907E-07,5.72520773317921E-05,0.9674024391,1.3956667014
Pstpip2,ENSMUSG00000025429,ENSMUST00000114741.2,3.10939073989154E-08,8.18631402989276E-06,0.9664382267,1.394275637
Pstpip2,ENSMUSG00000116035,ENSMUST00000230626.1,3.10939073989154E-08,8.18631402989276E-06,0.9664382267,1.394275637
Iffo1,ENSMUSG00000038271,ENSMUST00000135559.7,1.45485305725221E-09,5.29857483451254E-07,0.9651615682,1.3924338081
Dtna,ENSMUSG00000024302,ENSMUST00000047954.14,1.15682176121588E-07,2.66093359221994E-05,0.9608721664,1.3862455094
Hdac4,ENSMUSG00000026313,ENSMUST00000097644.8,1.28562742253746E-19,1.47860686512045E-16,0.9607216839,1.386028409
Prmt1,ENSMUSG00000109324,ENSMUST00000045325.13,0.0005908565,0.0400353406,0.9591417079,1.3837489855
Aif1l,ENSMUSG00000001864,ENSMUST00000001920.12,1.5065904044441E-11,7.23560736657418E-09,0.9569738645,1.3806214486
Akt2,ENSMUSG00000004056,ENSMUST00000051356.11,9.24106149918504E-09,2.90554929324017E-06,0.9545017588,1.377054954
Ccl2,ENSMUSG00000035385,ENSMUST00000000193.5,1.02736172623986E-06,0.0001913665,0.950677556,1.3715377955
Ankrd10,ENSMUSG00000031508,ENSMUST00000169782.2,3.23475473646495E-06,0.0005395867,0.9479269772,1.3675695491
Rilpl1,ENSMUSG00000029392,ENSMUST00000199125.1,0.0003950138,0.029310161,0.9433017779,1.360896797
Bin1,ENSMUSG00000024381,ENSMUST00000025239.7,0.0003828297,0.0286984351,0.931765203,1.3442530376
Mtch1,ENSMUSG00000024012,ENSMUST00000095427.10,1.32816270648809E-07,3.00756595462983E-05,0.9314985693,1.3438683666
Mef2a,ENSMUSG00000030557,ENSMUST00000156690.7,8.54034698920809E-15,6.5481986809886E-12,0.9291069188,1.3404179442
Syt12,ENSMUSG00000049303,ENSMUST00000059295.9,1.86665923717733E-08,5.26325647107085E-06,0.9267530393,1.3370220139
Pdpn,ENSMUSG00000028583,ENSMUST00000030317.13,1.44449349573203E-11,7.0853316967439E-09,0.9257108453,1.3355184458
Pdpn,ENSMUSG00000096951,ENSMUST00000181754.7,1.44449349573203E-11,7.0853316967439E-09,0.9257108453,1.3355184458
Smim4,ENSMUSG00000058351,ENSMUST00000049732.10,0.0005424857,0.0375733668,0.9248002354,1.3342047134
Tgfbr1,ENSMUSG00000007613,ENSMUST00000007757.14,2.07173443562249E-09,7.24344654195562E-07,0.9245776113,1.3338835347
Tnfrsf23,ENSMUSG00000037613,ENSMUST00000035742.13,1.35189428620702E-06,0.0002461799,0.9188820902,1.3256666347
Sync,ENSMUSG00000001333,ENSMUST00000102599.3,0.000000129,2.93719177205444E-05,0.9124283918,1.316355916
Zfp568,ENSMUSG00000074221,ENSMUST00000146074.7,1.19863338828501E-06,0.0002201054,0.9052207706,1.3059575167
Atoh8,ENSMUSG00000037621,ENSMUST00000206425.1,6.50034566843835E-06,0.0009864275,0.904241224,1.3045443296
Ankrd10,ENSMUSG00000031508,ENSMUST00000210530.1,4.44818620820322E-06,0.0007018178,0.8923035467,1.2873219018
Ksr1,ENSMUSG00000018334,ENSMUST00000226282.1,4.37456186711746E-09,1.44837766545834E-06,0.8840435257,1.2754052105
Cd82,ENSMUSG00000027215,ENSMUST00000028644.10,0.000000018,5.11012797802517E-06,0.8818790292,1.2722825022
St6galnac4,ENSMUSG00000079442,ENSMUST00000102818.10,4.0403843734076E-06,0.0006564348,0.8760273785,1.2638403546
Pthlh,ENSMUSG00000048776,ENSMUST00000204197.1,0.0002115505,0.0179526302,0.8635576038,1.2458502725
Serpinb6a,ENSMUSG00000060147,ENSMUST00000043552.16,1.45363339716119E-11,7.0853316967439E-09,0.8575275738,1.2371507782
Tead4,ENSMUSG00000030353,ENSMUST00000130454.7,3.64474191682159E-07,7.40882794105911E-05,0.8535789138,1.2314540659
Stard7,ENSMUSG00000027367,ENSMUST00000110375.8,0.000016372,0.0021748396,0.8483959249,1.2239765936
Lgals1,ENSMUSG00000068220,ENSMUST00000089377.5,5.5586963641509E-14,3.85614707775954E-11,0.8438611067,1.2174342338
Slirp,ENSMUSG00000021040,ENSMUST00000077462.7,0.0001822031,0.0159579287,0.8216741875,1.1854252756
Sytl2,ENSMUSG00000030616,ENSMUST00000209188.1,0.0004863454,0.0344493339,0.8108600008,1.169823702
Tuba4a,ENSMUSG00000026202,ENSMUST00000079464.12,0.000003067,0.0005175288,0.8094744434,1.1678247652
Egln3,ENSMUSG00000035105,ENSMUST00000039516.3,3.62949879867902E-07,7.40882794105911E-05,0.8059376112,1.162722195
Fez1,ENSMUSG00000032118,ENSMUST00000034630.14,5.69244250041633E-06,0.0008759947,0.8057491765,1.1624503411
Myzap,ENSMUSG00000041361,ENSMUST00000163708.1,0.0002744681,0.0222136212,0.8028360715,1.158247619
Hoxd8,ENSMUSG00000027102,ENSMUST00000019749.3,1.69154501838672E-14,1.23212139139289E-11,0.8016395926,1.1565214648
Prmt1,ENSMUSG00000109324,ENSMUST00000107843.10,6.3311435844336E-05,0.0067159296,0.8009777774,1.1555666674
Cap2,ENSMUSG00000021373,ENSMUST00000021802.15,3.68497873386725E-07,7.45594030485806E-05,0.8005693209,1.1549773891
Tpcn1,ENSMUSG00000032741,ENSMUST00000046426.9,7.72819541620664E-11,3.4116469946454E-08,0.8000093938,1.1541695851
Nt5dc3,ENSMUSG00000054027,ENSMUST00000099396.2,1.35283647087691E-11,0.000000007,0.7950323698,1.1469892573
Tnni2,ENSMUSG00000031097,ENSMUST00000129618.1,2.11491637984081E-05,0.0027185384,0.7933109844,1.144505823
Odc1,ENSMUSG00000011179,ENSMUST00000221613.1,1.37382009941993E-06,0.0002491346,0.7929720852,1.1440168948
Cdon,ENSMUSG00000038119,ENSMUST00000042842.5,0.0002981475,0.0234356837,0.7899222884,1.1396169682
Thyn1,ENSMUSG00000035443,ENSMUST00000213770.1,1.05187139042572E-05,0.0014877342,0.7845790591,1.1319083177
Ank1,ENSMUSG00000031543,ENSMUST00000121075.7,4.31698214075455E-05,0.0049519524,0.783062217,1.1297199771
Cd63,ENSMUSG00000025351,ENSMUST00000105229.8,1.31006656453421E-05,0.0018061561,0.7803830237,1.1258547183
Eef1akmt4,ENSMUSG00000115219,ENSMUST00000115522.8,1.06073837806515E-06,0.0001964344,0.7802508863,1.1256640843
Iba57,ENSMUSG00000049287,ENSMUST00000054523.5,6.80358271703005E-07,0.0001298444,0.7792656051,1.124242624
Tmem64,ENSMUSG00000043252,ENSMUST00000062684.8,1.90656031229852E-18,1.93777469508592E-15,0.777195371,1.1212559075
Jun,ENSMUSG00000052684,ENSMUST00000107094.1,4.34481890689352E-08,1.08506266003928E-05,0.7730907427,1.1153341806
Prpf31,ENSMUSG00000008373,ENSMUST00000143231.1,0.0006743866,0.0442543452,0.7707626041,1.1119753866
Myl12a,ENSMUSG00000024048,ENSMUST00000148960.7,0.0001487414,0.0135147518,0.7701487341,1.1110897595
Myo18b,ENSMUSG00000072720,ENSMUST00000086617.10,0.0006683321,0.0440554818,0.7652530877,1.1040268347
Rhoc,ENSMUSG00000002233,ENSMUST00000002303.11,5.38694974448889E-06,0.0008408259,0.7608843125,1.0977240243
Rbm24,ENSMUSG00000038132,ENSMUST00000037923.4,2.11975914234109E-08,5.90076137304935E-06,0.7608030674,1.0976068124
Stim1,ENSMUSG00000030987,ENSMUST00000209255.1,6.8773568350694E-08,1.67915085541828E-05,0.7588318866,1.0947629997
Mknk2,ENSMUSG00000020190,ENSMUST00000003433.10,2.82890429687153E-11,1.28785868115077E-08,0.7573454986,1.092618595
Filip1,ENSMUSG00000034898,ENSMUST00000172740.1,2.68858886245809E-05,0.0033476378,0.7540026531,1.0877958885
Tpd52l2,ENSMUSG00000000827,ENSMUST00000069712.8,2.30062389922395E-05,0.0029313839,0.7530315777,1.0863949227
Kpna1,ENSMUSG00000022905,ENSMUST00000004054.12,1.55348979511543E-15,1.28101354727783E-12,0.7506291253,1.0829289166
Smad3,ENSMUSG00000032402,ENSMUST00000034973.9,1.21472742157347E-15,1.02093167754706E-12,0.747829585,1.0788900337
Uxt,ENSMUSG00000001134,ENSMUST00000150719.7,0.0001139887,0.0108772095,0.736830014,1.0630210072
Trim16,ENSMUSG00000047821,ENSMUST00000108703.1,0.0006051846,0.0406907533,0.7351294193,1.0605675676
Fxyd6,ENSMUSG00000066705,ENSMUST00000085939.7,0.0004493456,0.0325674993,0.7271894354,1.0491125923
Sgms1,ENSMUSG00000040451,ENSMUST00000099514.9,1.12407656662154E-07,2.59929324167342E-05,0.7271012489,1.048985366
Alpk3,ENSMUSG00000038763,ENSMUST00000107348.1,1.92473002174338E-12,1.13673514689557E-09,0.7224772154,1.0423142958
Ctf1,ENSMUSG00000042340,ENSMUST00000047393.6,0.000000192,4.20696666972452E-05,0.7204036329,1.0393227486
Brwd1,ENSMUSG00000022914,ENSMUST00000113827.1,5.64645722345277E-07,0.0001111589,0.7193124855,1.0377485557
Ddt,ENSMUSG00000001666,ENSMUST00000001716.7,5.27269291536268E-06,0.0008259418,0.718408423,1.0364442692
Ccdc134,ENSMUSG00000068114,ENSMUST00000229456.1,0.0004335484,0.0316664118,0.7143850969,1.0306398365
Prmt1,ENSMUSG00000109324,ENSMUST00000207370.1,0.000001822,0.000325015,0.7137395479,1.0297085063
Mlip,ENSMUSG00000032355,ENSMUST00000183636.1,0.0002662173,0.0217066395,0.7091574985,1.0230980062
Sms,ENSMUSG00000071708,ENSMUST00000112529.7,5.93098623809212E-05,0.0063687426,0.7083117339,1.021877826
Lsm6,ENSMUSG00000031683,ENSMUST00000051867.6,8.18334279467914E-07,0.0001548246,0.705773353,1.0182157164
Mknk2,ENSMUSG00000020190,ENSMUST00000200082.4,2.36301911379166E-08,6.49518159428621E-06,0.703465202,1.0148857584
Bace1,ENSMUSG00000032086,ENSMUST00000159970.1,0.0007854539,0.0499672137,0.7007411084,1.010955722
Tbc1d1,ENSMUSG00000029174,ENSMUST00000140960.2,2.27022744014779E-09,7.81244252316684E-07,0.7005333978,1.0106560589
Hspa1l,ENSMUSG00000007033,ENSMUST00000007248.4,4.20622414370201E-06,0.0006783351,0.6993610378,1.0089647011
Relt,ENSMUSG00000008318,ENSMUST00000008462.10,2.46990035956738E-06,0.0004268838,0.6973623525,1.0060812076
St8sia4,ENSMUSG00000040710,ENSMUST00000043336.10,8.29489112909765E-05,0.0082767105,0.6971307663,1.0057470995
Pdlim3,ENSMUSG00000031636,ENSMUST00000034053.6,0.0005196512,0.0361637528,0.6950557748,1.0027535194
Usp28,ENSMUSG00000032267,ENSMUST00000215856.1,0.0001812519,0.0159064932,0.6884285466,0.9931924502
Aida,ENSMUSG00000042901,ENSMUST00000193359.5,0.000001029,0.0001913665,0.6873604445,0.9916515046
Traf2,ENSMUSG00000026942,ENSMUST00000114234.1,6.60867987629388E-06,0.000999397,0.6821341559,0.9841115639
Naa50,ENSMUSG00000022698,ENSMUST00000161326.7,1.97854015290043E-12,1.15293491789814E-09,0.6819497169,0.9838454747
Lrrfip2,ENSMUSG00000032497,ENSMUST00000217341.1,0.0003527379,0.0266713763,0.680298635,0.9814634671
Rrp12,ENSMUSG00000035049,ENSMUST00000038677.3,0.000000096,0.000022672,0.6781362766,0.9783438433
Cd63,ENSMUSG00000025351,ENSMUST00000026407.8,2.58140633900289E-10,1.0543718003718E-07,0.6764885888,0.9759667322
Fxyd6,ENSMUSG00000066705,ENSMUST00000217381.1,0.0001057693,0.0102268619,0.6760386104,0.9753175506
Armcx4,ENSMUSG00000049804,ENSMUST00000124226.2,0.000023358,0.0029675467,0.6758870116,0.9750988399
Zwint,ENSMUSG00000019923,ENSMUST00000020081.10,2.00912104208867E-05,0.0025978292,0.6743613934,0.9728978381
Timm10,ENSMUSG00000027076,ENSMUST00000028470.9,1.42193293071003E-09,5.22219805073539E-07,0.6713056982,0.9684894018
Slc25a33,ENSMUSG00000028982,ENSMUST00000105686.2,0.0004878741,0.0345016984,0.6698105101,0.9663323012
Myo18b,ENSMUSG00000072720,ENSMUST00000182189.1,9.57414111695477E-06,0.0013718959,0.6653518461,0.9598998088
Snrpn,ENSMUSG00000102252,ENSMUST00000059305.16,4.80698886718282E-12,2.72837196690075E-09,0.6646351692,0.9588658626
Kansl2,ENSMUSG00000022992,ENSMUST00000116400.3,2.55848552355153E-07,5.45444152786809E-05,0.6636581788,0.9574563634
Pigh,ENSMUSG00000021120,ENSMUST00000072154.8,8.43918513234384E-08,2.01544342636041E-05,0.662801867,0.9562209665
Stard7,ENSMUSG00000027367,ENSMUST00000125049.1,4.65483743335913E-06,0.0007317806,0.6625766933,0.9558961096
Tmem88b,ENSMUSG00000073680,ENSMUST00000097742.2,0.0004784318,0.0341656617,0.6602406502,0.9525259119
Ssbp1,ENSMUSG00000029911,ENSMUST00000117411.7,8.69313651416717E-05,0.0086346554,0.6597018701,0.9517486165
Rpf2,ENSMUSG00000038510,ENSMUST00000183309.7,3.10926431107268E-07,6.50178408857036E-05,0.657500723,0.9485730325
Ttc9,ENSMUSG00000042734,ENSMUST00000218362.1,1.76286803626247E-05,0.0023067181,0.6559196528,0.9462920304
Dio2,ENSMUSG00000007682,ENSMUST00000082432.4,0.0002198758,0.0184914627,0.6559027813,0.9462676898
Prmt1,ENSMUSG00000109324,ENSMUST00000209124.1,2.2978237108977E-11,1.07982889743089E-08,0.6514741124,0.9398784712
Elk1,ENSMUSG00000009406,ENSMUST00000009550.13,2.5859256894877E-07,5.48617943365876E-05,0.6501912255,0.9380276567
Odc1,ENSMUSG00000011179,ENSMUST00000171737.2,0.0002088842,0.0177608486,0.6492995778,0.936741281
Ppp1r14b,ENSMUSG00000056612,ENSMUST00000070850.6,2.40431508030157E-06,0.0004186382,0.6444782727,0.929785608
Armcx3,ENSMUSG00000049047,ENSMUST00000081834.9,4.09777066272384E-10,1.59900865217574E-07,0.6439340994,0.9290005319
Arfgap3,ENSMUSG00000054277,ENSMUST00000226816.1,6.99768068337592E-05,0.0072299441,0.6433947362,0.9282223952
Sema4d,ENSMUSG00000021451,ENSMUST00000110042.2,1.03797836164831E-08,3.2172912281899E-06,0.6426548119,0.9271549101
Arl6ip5,ENSMUSG00000035199,ENSMUST00000044681.6,6.55691524307336E-08,1.60990687518696E-05,0.6397862261,0.9230164156
Naa50,ENSMUSG00000022698,ENSMUST00000063520.14,2.77028745448836E-10,1.12104298991629E-07,0.6372122457,0.9193029468
St3gal5,ENSMUSG00000056091,ENSMUST00000069994.10,4.82053365796464E-05,0.0053744031,0.634948899,0.9160376278
Arhgap29,ENSMUSG00000039831,ENSMUST00000037958.13,0.0002178617,0.018416691,0.6348092719,0.9158361885
Tmem87a,ENSMUSG00000033808,ENSMUST00000090042.11,3.10222078046368E-05,0.0037765865,0.634574629,0.9154976704
E2f4,ENSMUSG00000014859,ENSMUST00000212572.1,0.000010617,0.0014967968,0.6276510892,0.9055091137
Rnf217,ENSMUSG00000063760,ENSMUST00000081989.7,5.85005550313548E-10,2.20738449045133E-07,0.6266279761,0.9040330736
Pigp,ENSMUSG00000022940,ENSMUST00000113906.8,5.36551414261831E-09,0.000001737,0.6251493527,0.9018998709
Hsph1,ENSMUSG00000029657,ENSMUST00000202361.3,7.9430860719045E-05,0.0080543999,0.6214684004,0.8965893793
Tiam2,ENSMUSG00000023800,ENSMUST00000226997.1,9.9451242380718E-05,0.0097672294,0.6204494372,0.8951193261
Dars,ENSMUSG00000026356,ENSMUST00000027602.14,6.15244527965095E-12,3.31958603088722E-09,0.6178154443,0.8913192776
Dusp2,ENSMUSG00000027368,ENSMUST00000028846.6,0.0001699777,0.0150683646,0.6171204595,0.8903166265
Psma3,ENSMUSG00000060073,ENSMUST00000160027.7,1.65594022768495E-07,3.6924087607522E-05,0.612370945,0.8834645255
Acot6,ENSMUSG00000043487,ENSMUST00000056822.3,2.06407540159766E-06,0.000365216,0.6091935343,0.8788804908
Hnrnpdl,ENSMUSG00000029328,ENSMUST00000128187.7,9.67158464395946E-05,0.0095630528,0.6074978712,0.8764341661
Tmem69,ENSMUSG00000055900,ENSMUST00000106478.8,1.77371616612319E-05,0.0023139848,0.6026035278,0.8693731212
Tmem189,ENSMUSG00000090213,ENSMUST00000006587.6,1.4536554538357E-11,7.0853316967439E-09,0.6006868646,0.8666079607
Rras,ENSMUSG00000038387,ENSMUST00000044111.9,1.73360230477864E-06,0.0003105138,0.6004321268,0.8662404517
NA,NA,ENSMUST00000131429.1,4.99141726238948E-05,0.0055226557,0.5994626489,0.8648417908
Atl2,ENSMUSG00000059811,ENSMUST00000112437.7,0.0001740521,0.0153672168,0.5951865256,0.8586726488
Usp5,ENSMUSG00000038429,ENSMUST00000047510.9,7.64477010827823E-05,0.007769931,0.5911436012,0.852839942
Ehd4,ENSMUSG00000027293,ENSMUST00000028755.7,1.43920175121357E-07,3.24220996572361E-05,0.589322747,0.8502130046
Six4,ENSMUSG00000034460,ENSMUST00000043208.7,1.17008334937916E-05,0.0016337803,0.5865148834,0.8461621137
Cisd3,ENSMUSG00000078695,ENSMUST00000107584.7,0.000304436,0.0238448837,0.5854897316,0.8446831323
Bace1,ENSMUSG00000032086,ENSMUST00000034591.10,0.000044351,0.0050476951,0.5811130592,0.8383689287
Wdr70,ENSMUSG00000039828,ENSMUST00000227371.1,3.21488804818842E-05,0.0038813113,0.5776762272,0.8334106282
Ktn1,ENSMUSG00000021843,ENSMUST00000189986.6,0.000263951,0.02160246,0.5757251335,0.830595795
Capzb,ENSMUSG00000028745,ENSMUST00000102507.9,2.33631066705175E-09,7.94227333846946E-07,0.5754059795,0.8301353531
Mypn,ENSMUSG00000020067,ENSMUST00000095580.2,4.03770795390869E-05,0.0047057064,0.5703332135,0.8228168988
Ccdc86,ENSMUSG00000024732,ENSMUST00000025639.6,6.63319011464714E-07,0.000128273,0.5701214107,0.822511332
Srp19,ENSMUSG00000014504,ENSMUST00000072576.9,0.0001395795,0.01281551,0.5691868457,0.8211630396
Emc3,ENSMUSG00000030286,ENSMUST00000032425.6,2.55368019195191E-10,1.05288716140629E-07,0.5685320467,0.8202183643
Malsu1,ENSMUSG00000029815,ENSMUST00000128616.5,0.0004144263,0.0306465089,0.5659380886,0.8164760739
Sh3glb1,ENSMUSG00000037062,ENSMUST00000198254.4,2.81434124795329E-10,1.12842174220689E-07,0.5657309043,0.8161771701
Ttc3,ENSMUSG00000040785,ENSMUST00000117648.7,7.26425604171301E-10,0.000000269,0.5602347704,0.8082479249
Ube2d3,ENSMUSG00000078578,ENSMUST00000197134.2,2.46166139894947E-07,5.27374753821999E-05,0.5601165314,0.8080773421
Bcap29,ENSMUSG00000020650,ENSMUST00000020979.8,1.80517389845981E-07,4.00473705879633E-05,0.5595460402,0.8072542973
Olfm1,ENSMUSG00000026833,ENSMUST00000100244.9,0.0004300424,0.0314816951,0.555329311,0.8011708431
Cpeb4,ENSMUSG00000020300,ENSMUST00000155278.1,1.65494494209817E-08,4.78991481784494E-06,0.5548976038,0.8005480212
Mrpl32,ENSMUSG00000015672,ENSMUST00000015816.4,2.68529876347636E-06,0.0004602286,0.5528798148,0.797636967
Ttll7,ENSMUSG00000036745,ENSMUST00000037942.10,1.69445172789528E-08,4.84015152391735E-06,0.552704209,0.7973836215
Rhobtb1,ENSMUSG00000019944,ENSMUST00000020101.11,1.75993984876399E-05,0.0023067181,0.5511982526,0.7952109855
Caprin1,ENSMUSG00000027184,ENSMUST00000143349.7,4.08355116562337E-05,0.0047338865,0.5490069272,0.7920495712
Phf10,ENSMUSG00000023883,ENSMUST00000168938.2,4.16483491911378E-06,0.0006741479,0.5485934717,0.7914530812
Eny2,ENSMUSG00000022338,ENSMUST00000226827.1,6.69509761790788E-07,0.0001283345,0.5473553433,0.7896668395
Msi2,ENSMUSG00000069769,ENSMUST00000107909.7,1.33039236021155E-08,3.92861268315444E-06,0.5453240018,0.7867362331
Celf2,ENSMUSG00000002107,ENSMUST00000114934.10,3.95440321433638E-08,9.93237000456077E-06,0.5422682728,0.7823277481
Bcl6,ENSMUSG00000022508,ENSMUST00000023151.5,2.15327949440792E-06,0.0003779395,0.5420180152,0.7819667027
E2f4,ENSMUSG00000014859,ENSMUST00000015003.9,1.62186682931974E-05,0.0021676473,0.5402266267,0.7793822753
Eef1e1,ENSMUSG00000001707,ENSMUST00000001757.8,3.3384412219142E-06,0.0005547652,0.5374656946,0.7753990922
Sh2b1,ENSMUSG00000030733,ENSMUST00000205497.1,0.0005551248,0.0381464971,0.5364422821,0.7739226201
Tmbim4,ENSMUSG00000020225,ENSMUST00000020446.10,3.13018121721279E-08,8.19170298904598E-06,0.5354077449,0.7724300984
Ubxn4,ENSMUSG00000026353,ENSMUST00000027592.5,1.59742336020509E-09,0.000000577,0.5344329976,0.7710238353
Spg21,ENSMUSG00000032388,ENSMUST00000034955.7,5.18761380536484E-09,1.69193637126616E-06,0.5336037859,0.7698275357
Mtr,ENSMUSG00000021311,ENSMUST00000099856.5,5.58135706215582E-07,0.0001103745,0.5322983771,0.7679442288
Med7,ENSMUSG00000020397,ENSMUST00000020665.12,3.11753707138904E-06,0.0005220262,0.5312750687,0.7664679069
Nexn,ENSMUSG00000039103,ENSMUST00000199470.4,0.0001347492,0.0125033505,0.5237520976,0.7556145539
B4galt6,ENSMUSG00000056124,ENSMUST00000070080.5,0.0001852186,0.0161250886,0.5201733233,0.7504514739
Tmlhe,ENSMUSG00000079834,ENSMUST00000115964.2,0.0002322226,0.0192581736,0.5191412767,0.7489625454
Wdr12,ENSMUSG00000026019,ENSMUST00000122038.7,7.88673139845477E-06,0.00115665,0.5180198917,0.7473447288
Ppp1r11,ENSMUSG00000036398,ENSMUST00000174711.7,0.0001428125,0.0130848567,0.5152078645,0.7432878311
Pbxip1,ENSMUSG00000042613,ENSMUST00000038942.9,1.29741618152368E-06,0.000237248,0.5141051732,0.7416969839
Rps24,ENSMUSG00000025290,ENSMUST00000223999.1,0.0004648966,0.0334725565,0.512146808,0.7388716602
AW209491,ENSMUSG00000039182,ENSMUST00000178289.2,0.0001322916,0.012380457,0.5115389391,0.7379946906
Svbp,ENSMUSG00000028643,ENSMUST00000030395.8,5.02143455517816E-05,0.0055418378,0.5100193656,0.7358024096
Chchd4,ENSMUSG00000034203,ENSMUST00000040835.8,0.0001030971,0.0100127946,0.5096699048,0.7352982441
Maged1,ENSMUSG00000025151,ENSMUST00000026142.7,3.12480473716515E-07,6.50316505871741E-05,0.5090190223,0.7343592192
Bin1,ENSMUSG00000024381,ENSMUST00000091967.11,0.0005961266,0.0403299049,0.5088678967,0.7341411911
Mettl22,ENSMUSG00000039345,ENSMUST00000046470.15,8.20014779829296E-05,0.0082386037,0.5072764157,0.7318451693
Nop16,ENSMUSG00000025869,ENSMUST00000026987.11,3.32521058334843E-07,6.85495298748395E-05,0.5040394175,0.727175168
Myzap,ENSMUSG00000041361,ENSMUST00000093823.7,1.45518444878034E-05,0.0019689592,0.4986335711,0.7193761802
Ivns1abp,ENSMUSG00000023150,ENSMUST00000097543.7,0.000189262,0.0163468471,0.4942692939,0.7130798591
Ngfr,ENSMUSG00000000120,ENSMUST00000000122.6,1.66454750947449E-05,0.0021987437,0.4857058884,0.7007254765
Exoc6,ENSMUSG00000053799,ENSMUST00000066439.6,5.53949039548537E-06,0.0008615583,0.4831368872,0.6970191912
Dtna,ENSMUSG00000024302,ENSMUST00000221880.1,0.00012979,0.0121724051,0.480094877,0.6926304982
Cfl2,ENSMUSG00000062929,ENSMUST00000221374.1,4.21384117987834E-05,0.0048463609,0.4794369291,0.69168128
Rapgef1,ENSMUSG00000039844,ENSMUST00000147488.1,6.91030742471778E-05,0.0071565895,0.4792484297,0.6914093329
Mrps27,ENSMUSG00000041632,ENSMUST00000052249.6,2.9837739446621E-05,0.0036527411,0.4759201489,0.6866076387
Tcf25,ENSMUSG00000001472,ENSMUST00000212470.1,0.0006218457,0.0415552659,0.4740594614,0.6839232341
Lsm6,ENSMUSG00000031683,ENSMUST00000130325.7,0.0006133391,0.0411756894,0.4733353155,0.6828785124
Pm20d1,ENSMUSG00000042251,ENSMUST00000112393.8,0.0004904352,0.0346220613,0.473190379,0.6826694132
Gbe1,ENSMUSG00000022707,ENSMUST00000163832.7,0.0001876521,0.0163044646,0.4700570031,0.6781489073
Ccdc107,ENSMUSG00000028461,ENSMUST00000030181.11,0.0005189362,0.0361637528,0.4643929878,0.6699774606
Akip1,ENSMUSG00000031023,ENSMUST00000033335.5,0.0003147274,0.0243448582,0.4625944094,0.6673826604
Clcn5,ENSMUSG00000004317,ENSMUST00000004428.13,0.0007101649,0.0461174542,0.4613442173,0.6655790144
Cct3,ENSMUSG00000001416,ENSMUST00000164122.1,0.0002910368,0.0230843396,0.4605223757,0.6643933477
Aida,ENSMUSG00000042901,ENSMUST00000109166.7,5.47283014396079E-05,0.0059647025,0.4590877219,0.6623235798
Psmb5,ENSMUSG00000022193,ENSMUST00000022803.5,1.88840596710166E-07,4.16822698920256E-05,0.4577698966,0.6604223597
Ivd,ENSMUSG00000027332,ENSMUST00000028807.5,0.0002906109,0.0230843396,0.4575142544,0.6600535459
Neb,ENSMUSG00000026950,ENSMUST00000036934.11,2.78024172450974E-06,0.0004746394,0.456135737,0.6580647658
Sema3c,ENSMUSG00000028780,ENSMUST00000115271.2,1.62992017422414E-05,0.0021717692,0.4535949323,0.6543991595
BC004004,ENSMUSG00000052712,ENSMUST00000120346.7,0.0003916519,0.0292094781,0.4520260674,0.6521357658
Ggact,ENSMUSG00000041625,ENSMUST00000038075.11,0.0005972969,0.0403466223,0.4519462783,0.6520206544
Eya4,ENSMUSG00000010461,ENSMUST00000092665.11,0.0007780289,0.0497119542,0.4512510927,0.6510177137
Mnat1,ENSMUSG00000021103,ENSMUST00000189644.6,0.0004734726,0.033928381,0.4500652644,0.649306925
Rbm3,ENSMUSG00000031167,ENSMUST00000115615.8,0.00001464,0.0019747697,0.4493174469,0.6482280524
Emc6,ENSMUSG00000047260,ENSMUST00000054952.3,2.57644736209254E-05,0.0032449872,0.448366732,0.6468564607
Riok3,ENSMUSG00000024404,ENSMUST00000025270.6,3.63742232647577E-07,7.40882794105911E-05,0.4478402572,0.6460969182
Snu13,ENSMUSG00000063480,ENSMUST00000072904.4,0.0003818297,0.0286726516,0.4468791121,0.6447102789
Snu13,ENSMUSG00000063480,ENSMUST00000072904.4,0.0003818297,0.0286726516,0.4468791121,0.6447102789
Ppid,ENSMUSG00000027804,ENSMUST00000029382.12,0.0005621897,0.0385108735,0.4461308043,0.643630699
Pde4b,ENSMUSG00000028525,ENSMUST00000106908.8,3.88602703924684E-05,0.0045532152,0.4451811722,0.6422606694
Gnpat,ENSMUSG00000031985,ENSMUST00000034466.9,5.54419304535407E-07,0.0001103745,0.4446108234,0.6414378301
Smcr8,ENSMUSG00000049323,ENSMUST00000056907.6,0.000028421,0.0035187262,0.4407245956,0.6358311885
Bop1,ENSMUSG00000022557,ENSMUST00000023217.10,7.67633009294372E-06,0.0011333998,0.4398097659,0.6345113682
Lrrfip2,ENSMUSG00000032497,ENSMUST00000197540.4,6.03620889840259E-05,0.0064658449,0.4395691284,0.6341642017
Riok2,ENSMUSG00000116564,ENSMUST00000024620.6,0.000013847,0.0018852611,0.4395040387,0.6340702971
Zfp703,ENSMUSG00000085795,ENSMUST00000154256.2,8.00948372777529E-05,0.0081029277,0.4370429072,0.6305196348
Mrpl17,ENSMUSG00000030879,ENSMUST00000176158.1,0.0001610144,0.0144160894,0.4357359725,0.6286341267
Cdv3,ENSMUSG00000032803,ENSMUST00000190226.6,2.15292437993297E-06,0.0003779395,0.4353345821,0.6280550427
Sra1,ENSMUSG00000006050,ENSMUST00000173482.7,0.0001337835,0.0124665332,0.4321746397,0.6234962094
Sra1,ENSMUSG00000006050,ENSMUST00000173482.7,0.0001337835,0.0124665332,0.4321746397,0.6234962094
Mat2a,ENSMUSG00000053907,ENSMUST00000205335.1,4.5972796561145E-05,0.0051783379,0.431450618,0.622451667
Mat2a,ENSMUSG00000104463,ENSMUST00000206765.1,4.5972796561145E-05,0.0051783379,0.431450618,0.622451667
Bysl,ENSMUSG00000023988,ENSMUST00000024783.8,2.18113939742961E-05,0.0027954404,0.4311614167,0.6220344377
Ube2g2,ENSMUSG00000009293,ENSMUST00000174510.7,1.13057237930159E-06,0.0002084833,0.4297291999,0.6199681855
Efhd2,ENSMUSG00000040659,ENSMUST00000036854.3,6.80552589951963E-06,0.0010220918,0.4279052967,0.6173368494
Prps1,ENSMUSG00000031432,ENSMUST00000033809.3,3.5389373747584E-05,0.0042143248,0.4274678663,0.6167057709
Stat5b,ENSMUSG00000020919,ENSMUST00000004143.2,0.000075292,0.0077062299,0.4272623856,0.6164093249
Uso1,ENSMUSG00000029407,ENSMUST00000201642.1,4.3783524746773E-06,0.0007009213,0.4259030111,0.614448162
Spryd4,ENSMUSG00000051346,ENSMUST00000061995.9,0.0001088418,0.0104775788,0.4195249571,0.6052465751
Dnajc27,ENSMUSG00000020657,ENSMUST00000020986.14,0.0004202795,0.0309745289,0.4192145618,0.6047987693
Gfer,ENSMUSG00000040888,ENSMUST00000046839.8,0.0003886091,0.0290320887,0.4184939228,0.603759107
Pip4p2,ENSMUSG00000028221,ENSMUST00000029875.3,2.64991214617208E-05,0.0033183886,0.418378913,0.603593183
Asrgl1,ENSMUSG00000024654,ENSMUST00000049948.5,6.25625670971646E-05,0.0066688645,0.4161629178,0.6003961777
Mmachc,ENSMUSG00000028690,ENSMUST00000030453.4,0.0001494209,0.0135483228,0.4144150556,0.5978745456
Fam98a,ENSMUSG00000002017,ENSMUST00000112507.3,1.22184029952481E-05,0.0016952161,0.4133899273,0.596395598
Nfkb2,ENSMUSG00000025225,ENSMUST00000073116.11,0.000218717,0.0184532935,0.4108784318,0.592772276
Rpl5,ENSMUSG00000058558,ENSMUST00000082223.12,5.72348376231432E-05,0.006194565,0.410801488,0.5926612695
Rbms3,ENSMUSG00000039607,ENSMUST00000111773.9,0.0002967013,0.0234061953,0.4088620403,0.5898632379
Tgfb3,ENSMUSG00000021253,ENSMUST00000003687.7,0.0001196483,0.0113429739,0.4086776592,0.5895972323
Cfl2,ENSMUSG00000062929,ENSMUST00000078124.7,0.000115699,0.0110163633,0.4084318122,0.58924255
Polr2k,ENSMUSG00000045996,ENSMUST00000180159.7,0.0007667719,0.0492085126,0.4084185479,0.5892234137
Map1b,ENSMUSG00000052727,ENSMUST00000064762.5,0.000067289,0.0070186151,0.4049629378,0.584238022
Gpt2,ENSMUSG00000031700,ENSMUST00000034136.11,1.11631167851631E-05,0.0015636951,0.4042639155,0.5832295462
Habp4,ENSMUSG00000021476,ENSMUST00000021929.9,0.0005028795,0.0352209058,0.4018383085,0.5797301349
Fam96a,ENSMUSG00000032381,ENSMUST00000034945.5,3.72306154684845E-05,0.00439764,0.4009024711,0.5783800069
Araf,ENSMUSG00000001127,ENSMUST00000120356.7,0.0007588974,0.0487747832,0.4006222335,0.5779757096
Igf2r,ENSMUSG00000023830,ENSMUST00000024599.13,0.0007096159,0.0461174542,0.3993379596,0.576122894
Nop10,ENSMUSG00000027133,ENSMUST00000028553.3,0.0003336132,0.0254620631,0.398633073,0.5751059575
Gtf3c6,ENSMUSG00000019837,ENSMUST00000217537.1,0.0002972975,0.0234109716,0.3978872111,0.5740299063
Pxn,ENSMUSG00000029528,ENSMUST00000067268.14,3.17102585099707E-05,0.0038389616,0.3976065971,0.5736250659
Txnrd1,ENSMUSG00000020250,ENSMUST00000020484.7,1.33948735917973E-05,0.0018351397,0.3972606265,0.5731259358
Acot9,ENSMUSG00000025287,ENSMUST00000026324.9,0.0001889051,0.0163468471,0.3967667017,0.5724133529
Cdc73,ENSMUSG00000026361,ENSMUST00000018337.8,0.000081657,0.0082228989,0.395654705,0.5708090808
Kremen1,ENSMUSG00000020393,ENSMUST00000020662.14,1.04771577461829E-05,0.0014866679,0.3946921049,0.5694203424
Dnajc5,ENSMUSG00000000826,ENSMUST00000072334.11,1.04441531245735E-05,0.0014866679,0.3934005402,0.5675570084
Krtcap2,ENSMUSG00000042747,ENSMUST00000168900.2,0.0005753457,0.0392276267,0.3923575921,0.5660523524
4833439L19Rik,ENSMUSG00000025871,ENSMUST00000153065.7,3.45685778832744E-05,0.0041391373,0.3888285616,0.5609610376
Rpp14,ENSMUSG00000023156,ENSMUST00000023924.3,0.0003742242,0.028149902,0.3887129483,0.5607942429
Rpp14,ENSMUSG00000023156,ENSMUST00000023924.3,0.0003742242,0.028149902,0.3887129483,0.5607942429
Wdr77,ENSMUSG00000000561,ENSMUST00000010278.11,0.0001120173,0.0107124806,0.3875222445,0.5590764203
Rrn3,ENSMUSG00000022682,ENSMUST00000023363.7,3.80921159860721E-05,0.0044752092,0.3864546018,0.5575361375
Agap1,ENSMUSG00000055013,ENSMUST00000074945.6,0.0006321286,0.0420495402,0.3849302927,0.5553370243
Micu1,ENSMUSG00000020111,ENSMUST00000092508.11,0.0006942548,0.0452861377,0.3839342892,0.5539000951
Polr1a,ENSMUSG00000049553,ENSMUST00000205517.1,0.0002223261,0.0186497887,0.3822982849,0.5515398398
Rbfox2,ENSMUSG00000033565,ENSMUST00000166610.7,6.43945364426551E-05,0.0067978232,0.3819045897,0.5509718576
Neb,ENSMUSG00000026950,ENSMUST00000028320.13,8.23924587232755E-05,0.00824,0.3817901921,0.5508068168
Mrpl16,ENSMUSG00000024683,ENSMUST00000167199.1,0.0002311593,0.0192064345,0.3815919759,0.5505208513
Pin4,ENSMUSG00000079480,ENSMUST00000113627.3,0.0005510304,0.037924773,0.3814767662,0.5503546387
Pin4,ENSMUSG00000079480,ENSMUST00000113627.3,0.0005510304,0.037924773,0.3814767662,0.5503546387
Pno1,ENSMUSG00000020116,ENSMUST00000020317.7,0.000102636,0.0099902086,0.3814073503,0.5502544928
Zeb1,ENSMUSG00000024238,ENSMUST00000025081.11,0.0002899903,0.0230843396,0.3789981565,0.5467787609
Ugcg,ENSMUSG00000028381,ENSMUST00000030074.7,3.69426242552931E-05,0.0043754484,0.3788221085,0.5465247773
Hif1an,ENSMUSG00000036450,ENSMUST00000040455.4,2.25734326078768E-05,0.0028846471,0.3777056455,0.5449140617
Fxr1,ENSMUSG00000027680,ENSMUST00000200392.4,3.29986906374109E-05,0.0039729333,0.3771297419,0.5440832084
Tsr1,ENSMUSG00000038335,ENSMUST00000045807.13,9.71708875218302E-05,0.0095863577,0.376631436,0.543364305
Prob1,ENSMUSG00000073600,ENSMUST00000190196.2,0.0003135985,0.0243005504,0.3763684764,0.5429849345
Stk40,ENSMUSG00000042608,ENSMUST00000094761.10,8.90156849290326E-05,0.008821636,0.375660157,0.5419630456
Atp6v1g1,ENSMUSG00000039105,ENSMUST00000035301.6,2.40901573591488E-05,0.0030516992,0.3725442988,0.5374678123
Kank2,ENSMUSG00000032194,ENSMUST00000034717.6,0.000072494,0.0074372706,0.3710599915,0.5353264096
Pfn1,ENSMUSG00000018293,ENSMUST00000018437.2,4.14287489673827E-05,0.0047773141,0.3710010596,0.5352413889
Ltv1,ENSMUSG00000019814,ENSMUST00000019950.5,0.0001477785,0.013455237,0.3709451686,0.5351607552
Myo10,ENSMUSG00000022272,ENSMUST00000022882.11,0.000054665,0.0059647025,0.3704924197,0.5345075766
Gramd1a,ENSMUSG00000001248,ENSMUST00000185985.6,0.0003132581,0.0243005504,0.3700131775,0.5338161762
Phospho1,ENSMUSG00000050860,ENSMUST00000054173.3,4.58317734152765E-05,0.0051783379,0.3691611342,0.5325869376
Wnk1,ENSMUSG00000045962,ENSMUST00000159903.1,3.67794688086637E-05,0.0043679617,0.3674422614,0.5301071283
Hfe2,ENSMUSG00000038403,ENSMUST00000049208.10,2.95489058553696E-05,0.0036377616,0.3663951693,0.5285964937
Cse1l,ENSMUSG00000002718,ENSMUST00000002790.13,6.56495617798729E-05,0.0068969915,0.3662385466,0.5283705349
Hsp90aa1,ENSMUSG00000021270,ENSMUST00000021698.12,0.00005203,0.0057133617,0.3642594142,0.5255152505
Dusp3,ENSMUSG00000003518,ENSMUST00000151678.7,0.0003944715,0.029310161,0.3632935129,0.5241217494
Tulp4,ENSMUSG00000034377,ENSMUST00000149756.7,4.89321939587875E-05,0.0054394526,0.3591686617,0.5181708471
Nip7,ENSMUSG00000031917,ENSMUST00000034392.12,0.0006917462,0.0452030219,0.3590325501,0.5179744795
Golt1b,ENSMUSG00000030245,ENSMUST00000032372.6,0.0002077306,0.0176971921,0.3583486757,0.5169878574
Rwdd4a,ENSMUSG00000031568,ENSMUST00000033973.13,0.0007850905,0.0499672137,0.3581007504,0.5166301768
Mrpl50,ENSMUSG00000044018,ENSMUST00000057829.3,0.0002578109,0.0211792654,0.357465362,0.515713505
Pdhx,ENSMUSG00000010914,ENSMUST00000011058.8,0.0001507652,0.0136419084,0.357306397,0.515484167
Mrps18c,ENSMUSG00000016833,ENSMUST00000016977.14,0.0007578222,0.0487747832,0.3560531882,0.513676169
Cbx5,ENSMUSG00000009575,ENSMUST00000118152.7,0.000063708,0.0067416314,0.3557747682,0.5132744938
Stim1,ENSMUSG00000030987,ENSMUST00000033289.5,0.0001830089,0.0159645157,0.3552165249,0.5124691189
AI464131,ENSMUSG00000046312,ENSMUST00000054920.4,0.0006709945,0.0441643702,0.354730634,0.5117681265
Emc2,ENSMUSG00000022337,ENSMUST00000022962.7,7.59424756911235E-05,0.0077546494,0.3542542151,0.5110807994
Rb1,ENSMUSG00000022105,ENSMUST00000022701.6,0.0006038805,0.0406656303,0.3540442293,0.5107778539
Snap47,ENSMUSG00000009894,ENSMUST00000010038.9,0.000325316,0.0251194559,0.3512160428,0.5066976432
Tmem182,ENSMUSG00000079588,ENSMUST00000114765.3,6.28947108525625E-05,0.0066879573,0.351008157,0.5063977274
Abcf2,ENSMUSG00000028953,ENSMUST00000030795.9,8.47426096060993E-05,0.008436426,0.3488637126,0.5033039481
Ube2v2,ENSMUSG00000022674,ENSMUST00000115776.1,0.0004510643,0.0326379374,0.3476254692,0.5015175404
Ppp6c,ENSMUSG00000026753,ENSMUST00000028087.5,0.0001881572,0.0163159164,0.3476250134,0.5015168829
Cystm1,ENSMUSG00000046727,ENSMUST00000050584.9,0.0002019585,0.0172863532,0.3459305546,0.4990722956
Nmt1,ENSMUSG00000020936,ENSMUST00000021314.7,0.0001074623,0.0103676251,0.3447978125,0.4974380941
Actr1b,ENSMUSG00000037351,ENSMUST00000043951.9,0.0001726187,0.0152715165,0.3434462012,0.4954881312
Ly6c1,ENSMUSG00000079018,ENSMUST00000065408.15,0.0004838899,0.034331046,0.3418828154,0.4932326424
Kif5b,ENSMUSG00000006740,ENSMUST00000025083.13,0.0001026056,0.0099902086,0.3411907708,0.4922342331
Cdkn1a,ENSMUSG00000023067,ENSMUST00000023829.6,0.0001201981,0.0113704319,0.3409458556,0.4918808951
Impad1,ENSMUSG00000066324,ENSMUST00000084949.2,0.000124838,0.0117584435,0.338790793,0.488771797
Gcsh,ENSMUSG00000034424,ENSMUST00000040484.5,0.0007553877,0.0487643514,0.3335485468,0.4812088344
Spag7,ENSMUSG00000018287,ENSMUST00000018431.12,0.0003049902,0.0238448837,0.3334375066,0.4810486372
Rtn2,ENSMUSG00000030401,ENSMUST00000108468.4,0.0002822894,0.0227623211,0.332739567,0.4800417232
Kpna3,ENSMUSG00000021929,ENSMUST00000022496.8,0.0002200156,0.0184914627,0.3313211653,0.4779954021
Zdhhc18,ENSMUSG00000037553,ENSMUST00000084238.4,0.0004224417,0.0310292281,0.3306025149,0.4769586088
Cd59a,ENSMUSG00000032679,ENSMUST00000040423.11,0.0006483764,0.0429994602,0.324261931,0.4678110797
Surf4,ENSMUSG00000014867,ENSMUST00000015011.9,0.0002709733,0.0219714603,0.3223589738,0.4650656929
3110039I08Rik,ENSMUSG00000074415,ENSMUST00000098868.3,0.0005111448,0.0356854186,0.3223324973,0.4650274954
Ddx24,ENSMUSG00000041645,ENSMUST00000044923.14,0.0003294297,0.0253029763,0.3215928419,0.4639603982
Nol3,ENSMUSG00000014776,ENSMUST00000014920.7,0.0006665163,0.0440554818,0.320835411,0.4628676564
Napa,ENSMUSG00000006024,ENSMUST00000006181.6,0.0002953517,0.0233418671,0.3189262499,0.4601133191
Glrx3,ENSMUSG00000031068,ENSMUST00000064404.7,0.0007586078,0.0487747832,0.3168374021,0.4570997487
Rnf11,ENSMUSG00000028557,ENSMUST00000030284.9,0.0005218425,0.0362585109,0.316107529,0.4560467645
Rbbp4,ENSMUSG00000057236,ENSMUST00000102598.3,0.0005446664,0.0376647184,0.306997091,0.4429031808
Vdac2,ENSMUSG00000021771,ENSMUST00000022293.13,0.0007063211,0.046004557,0.3032703256,0.4375265948
Stat3,ENSMUSG00000004040,ENSMUST00000127638.7,0.0006022622,0.0406192367,0.301687013,0.4352423575
Zfp750,ENSMUSG00000039238,ENSMUST00000092298.5,0.0005057196,0.0353631493,-0.3082962747,-0.4447775067
Sptbn2,ENSMUSG00000067889,ENSMUST00000008991.6,0.0004445853,0.0323297129,-0.3106869634,-0.4482265413
Bnipl,ENSMUSG00000028115,ENSMUST00000107195.8,0.0006674953,0.0440554818,-0.3201839849,-0.4619278471
Epha1,ENSMUSG00000029859,ENSMUST00000073387.4,0.0002938451,0.0232648696,-0.3316684864,-0.4784964806
Krt23,ENSMUSG00000006777,ENSMUST00000006969.7,0.0003131085,0.0243005504,-0.3341690242,-0.482103994
Idh3a,ENSMUSG00000032279,ENSMUST00000167866.1,0.0006264663,0.0418001277,-0.3350424661,-0.4833641043
Gltp,ENSMUSG00000011884,ENSMUST00000012028.13,0.0001993674,0.0171857042,-0.3351026349,-0.4834509096
Nudt4,ENSMUSG00000020029,ENSMUST00000020217.6,0.0001376923,0.0126955763,-0.336022529,-0.4847780363
Ppp2r1b,ENSMUSG00000032058,ENSMUST00000114437.8,0.0002867479,0.0229945544,-0.3379022176,-0.4874898536
Ucp2,ENSMUSG00000033685,ENSMUST00000207748.1,0.0001338467,0.0124665332,-0.3421867739,-0.4936711617
Got1,ENSMUSG00000025190,ENSMUST00000026196.13,0.0003941039,0.029310161,-0.3424319218,-0.4940248354
Anxa6,ENSMUSG00000018340,ENSMUST00000108883.9,0.0002887275,0.0230843396,-0.3452849754,-0.4981409217
Gjb4,ENSMUSG00000046623,ENSMUST00000060419.1,0.0002908009,0.0230843396,-0.345750411,-0.4988124033
Tob2,ENSMUSG00000048546,ENSMUST00000050467.8,0.0003513096,0.0266094228,-0.350860633,-0.5061848952
Lypd5,ENSMUSG00000030484,ENSMUST00000032683.5,0.000081627,0.0082228989,-0.3511589658,-0.5066152986
Slc25a12,ENSMUSG00000027010,ENSMUST00000151937.7,0.0002393421,0.0197735484,-0.3518270288,-0.5075791097
Slc20a2,ENSMUSG00000037656,ENSMUST00000067786.8,0.00015155,0.0136845901,-0.3583813302,-0.5170349678
Rtn4,ENSMUSG00000020458,ENSMUST00000060992.5,6.77031719969164E-05,0.0070282647,-0.3660735225,-0.5281324556
Lad1,ENSMUSG00000041782,ENSMUST00000038760.9,3.42094220329166E-05,0.0041073862,-0.3672688041,-0.5298568823
G6pdx,ENSMUSG00000031400,ENSMUST00000004327.10,0.0002615202,0.0214436784,-0.3757046975,-0.5420273039
Phtf2,ENSMUSG00000039987,ENSMUST00000118174.7,0.0001011129,0.009908157,-0.3912857345,-0.5645059887
St14,ENSMUSG00000031995,ENSMUST00000034478.2,0.0002417063,0.0199311887,-0.4014164842,-0.579121571
Pcnt,ENSMUSG00000001151,ENSMUST00000220395.1,0.0006188891,0.0414210241,-0.4020465018,-0.5800304944
Foxc1,ENSMUSG00000050295,ENSMUST00000062292.4,7.16468694953936E-05,0.0073676583,-0.4025410305,-0.5807439484
Dsg1b,ENSMUSG00000061928,ENSMUST00000076737.6,0.0003081133,0.0240031815,-0.402923062,-0.5812951035
Tfap2a,ENSMUSG00000021359,ENSMUST00000110193.8,0.0004184201,0.0308895784,-0.4083756661,-0.5891615483
Tmem65,ENSMUSG00000062373,ENSMUST00000072113.5,3.54711890423758E-06,0.0005849935,-0.4086497475,-0.5895569642
Lrig1,ENSMUSG00000030029,ENSMUST00000101126.2,8.37590131086948E-06,0.0012202013,-0.4148059964,-0.598438554
Gyg,ENSMUSG00000019528,ENSMUST00000178328.7,2.47120605974324E-06,0.0004268838,-0.4248515847,-0.6129312743
Trex2,ENSMUSG00000031372,ENSMUST00000033738.7,0.0004765761,0.0340888404,-0.4258339928,-0.6143485896
Tgm1,ENSMUSG00000022218,ENSMUST00000178034.8,5.07702972209119E-05,0.0055890808,-0.4298744707,-0.6201777671
Dsp,ENSMUSG00000054889,ENSMUST00000124830.2,3.59206574195394E-06,0.0005879687,-0.4336120295,-0.6255699246
Dnaja4,ENSMUSG00000032285,ENSMUST00000070070.7,0.000003089,0.00051924,-0.4361621575,-0.6292489817
Crybg2,ENSMUSG00000012123,ENSMUST00000121391.7,0.0002144663,0.0181647951,-0.4400270566,-0.6348248524
Ppp1r3a,ENSMUSG00000042717,ENSMUST00000045096.5,4.05407033604351E-05,0.0047122098,-0.4447177528,-0.6415920966
Amer1,ENSMUSG00000050332,ENSMUST00000084535.5,0.0006666719,0.0440554818,-0.4456263316,-0.6429028987
4930438A08Rik,ENSMUSG00000069873,ENSMUST00000108834.2,0.0003713191,0.0279795322,-0.4522812158,-0.6525038671
Pgam2,ENSMUSG00000020475,ENSMUST00000020768.3,0.0006427454,0.0426907975,-0.4698870217,-0.677903676
Rab40b,ENSMUSG00000025170,ENSMUST00000106107.2,0.0002267579,0.0189126441,-0.4790078707,-0.6910622796
Ly6g6d,ENSMUSG00000073413,ENSMUST00000007259.3,1.46484101238035E-06,0.000264543,-0.4900174323,-0.7069457195
Fhod3,ENSMUSG00000034295,ENSMUST00000037097.7,0.0007777727,0.0497119542,-0.4917360851,-0.7094252114
AI661453,ENSMUSG00000034382,ENSMUST00000150819.2,0.0001613003,0.0144160894,-0.4925222833,-0.7105594556
Ovol1,ENSMUSG00000024922,ENSMUST00000025861.1,1.92520898303337E-07,4.20696666972452E-05,-0.4946369247,-0.7136102384
Klhdc1,ENSMUSG00000051890,ENSMUST00000063445.12,0.0004735565,0.033928381,-0.4950863552,-0.7142586294
AA986860,ENSMUSG00000042510,ENSMUST00000039323.7,0.0003260791,0.0251339733,-0.4997109493,-0.7209305085
Eef1a2,ENSMUSG00000016349,ENSMUST00000055990.7,0.0004834782,0.034331046,-0.5070124431,-0.7314643373
Ptbp1,ENSMUSG00000006498,ENSMUST00000172282.7,0.0003325606,0.0254620631,-0.5078198506,-0.7326291801
6430571L13Rik,ENSMUSG00000037977,ENSMUST00000042581.3,0.0001438376,0.0131237529,-0.5108841906,-0.7370500883
Hadh,ENSMUSG00000027984,ENSMUST00000029610.8,4.8279459220222E-09,1.58647029004555E-06,-0.5150961072,-0.7431265994
Dlx3,ENSMUSG00000001510,ENSMUST00000092768.6,4.1214070374207E-05,0.0047651316,-0.5257609733,-0.7585127489
Vwa7,ENSMUSG00000007030,ENSMUST00000007245.7,0.0005589107,0.0383463637,-0.5306182458,-0.7655203118
Pkp3,ENSMUSG00000054065,ENSMUST00000066873.4,1.86078565131784E-05,0.0024131684,-0.5307675184,-0.7657356666
Pdp1,ENSMUSG00000049225,ENSMUST00000095144.9,0.0005376467,0.03729732,-0.5309447852,-0.7659914086
Elovl1,ENSMUSG00000006390,ENSMUST00000067896.3,0.000103817,0.01006035,-0.5317915156,-0.7672129824
Ldhb,ENSMUSG00000030246,ENSMUST00000032373.11,6.48499138646658E-10,2.4223937055909E-07,-0.5466642113,-0.7886697467
Ppp2r3a,ENSMUSG00000043154,ENSMUST00000066773.8,5.57551624614003E-07,0.0001103745,-0.5516416676,-0.7958506983
Tbc1d4,ENSMUSG00000033083,ENSMUST00000161304.1,0.0001109642,0.0106350382,-0.5528012732,-0.7975236555
Kif1b,ENSMUSG00000063077,ENSMUST00000030806.5,2.99406722165689E-07,0.00006291,-0.554595123,-0.8001116337
Col16a1,ENSMUSG00000040690,ENSMUST00000143432.7,0.0003659486,0.0276224802,-0.559825987,-0.8076581751
Tigar,ENSMUSG00000038028,ENSMUST00000039913.8,1.47406162565931E-05,0.0019822274,-0.5603629097,-0.8084327909
Ces1d,ENSMUSG00000056973,ENSMUST00000034172.7,0.000000011,3.36634550493179E-06,-0.5616930282,-0.8103517463
Gm10013,ENSMUSG00000089731,ENSMUST00000106074.3,6.58696573575952E-05,0.0069035192,-0.5617042102,-0.8103678785
Ckmt2,ENSMUSG00000021622,ENSMUST00000022122.3,0.0002252391,0.0188218948,-0.5706452369,-0.8232670534
Gm4553,ENSMUSG00000090471,ENSMUST00000210925.1,3.94171356960896E-05,0.0046061136,-0.5706934584,-0.8233366223
Sgcg,ENSMUSG00000035296,ENSMUST00000077954.12,2.34430088930661E-09,7.94227333846946E-07,-0.5727114178,-0.8262479223
Mn1,ENSMUSG00000070576,ENSMUST00000094463.4,2.66885373331106E-05,0.0033325595,-0.5753131785,-0.8300014695
Tuba8,ENSMUSG00000030137,ENSMUST00000032233.8,4.90377160409939E-05,0.0054394526,-0.575399874,-0.8301265448
Gpr157,ENSMUSG00000047875,ENSMUST00000094451.3,2.22081711765056E-06,0.0003882344,-0.5759528821,-0.8309243668
Dsc1,ENSMUSG00000044322,ENSMUST00000224432.1,4.79005501673841E-10,1.85260676505783E-07,-0.5857274308,-0.8450260597
Mdh1,ENSMUSG00000020321,ENSMUST00000102874.10,5.85888250257081E-10,2.20738449045133E-07,-0.5877224007,-0.8479041929
Tpi1,ENSMUSG00000023456,ENSMUST00000172132.8,1.80624704995826E-09,6.41790415214438E-07,-0.5924545729,-0.8547312742
Krtap5-2,ENSMUSG00000054759,ENSMUST00000190456.1,0.0001257001,0.0118141863,-0.5940651951,-0.857054911
Prkaa2,ENSMUSG00000028518,ENSMUST00000030243.7,1.83307426868731E-09,6.46069982570243E-07,-0.6004160674,-0.866217283
Fhl1,ENSMUSG00000023092,ENSMUST00000023854.9,0.0002645318,0.0216095268,-0.6133041713,-0.8848108865
Pdp1,ENSMUSG00000049225,ENSMUST00000108297.2,0.0006319164,0.0420495402,-0.6153338194,-0.8877390497
Gys1,ENSMUSG00000003865,ENSMUST00000003964.16,0.0001535244,0.0138342903,-0.6169967843,-0.890138201
Phkg1,ENSMUSG00000025537,ENSMUST00000200832.1,0.000578722,0.0393963661,-0.6194042225,-0.8936114001
Ramp1,ENSMUSG00000034353,ENSMUST00000097648.5,7.14493814115797E-05,0.0073646787,-0.6202019248,-0.8947622413
Ufsp1,ENSMUSG00000051502,ENSMUST00000052825.6,2.99408112889035E-05,0.0036551207,-0.6203188984,-0.8949309985
Rxrg,ENSMUSG00000015843,ENSMUST00000111380.1,0.000493605,0.0346824935,-0.6244006775,-0.900819761
Adssl1,ENSMUSG00000011148,ENSMUST00000180015.8,3.76573757924453E-05,0.0044360592,-0.6353620688,-0.9166337058
Slc27a6,ENSMUSG00000024600,ENSMUST00000025500.6,0.0005815716,0.0395287767,-0.6379971888,-0.9204353804
Kalrn,ENSMUSG00000061751,ENSMUST00000114964.7,6.75858863462912E-05,0.0070282647,-0.6442585748,-0.9294686509
Rcsd1,ENSMUSG00000040723,ENSMUST00000040357.10,8.53141712246238E-07,0.0001607142,-0.6675603493,-0.9630860054
Lmcd1,ENSMUSG00000057604,ENSMUST00000032376.5,0.0002308354,0.0192064345,-0.6730387011,-0.9709895964
Cmya5,ENSMUSG00000047419,ENSMUST00000062122.3,1.25561918143648E-10,5.27649814475962E-08,-0.6747008463,-0.9733875651
Nectin4,ENSMUSG00000006411,ENSMUST00000094325.4,3.83522551678979E-06,0.000625428,-0.6751461794,-0.9740300448
Adssl1,ENSMUSG00000011148,ENSMUST00000021726.7,2.33364986561207E-13,1.52223632427926E-10,-0.6789534659,-0.9795227983
Tnks1bp1,ENSMUSG00000033955,ENSMUST00000111605.8,0.0001584045,0.0142154249,-0.6853601991,-0.9887657604
Krtap1-4,ENSMUSG00000075567,ENSMUST00000100479.2,0.0002856393,0.0229900205,-0.6864415897,-0.9903258773
Tcea3,ENSMUSG00000001604,ENSMUST00000102533.10,4.44335863364025E-13,2.69711869061963E-10,-0.6975162308,-1.0063032072
Aldh1b1,ENSMUSG00000035561,ENSMUST00000044384.4,0.0002677744,0.0217929427,-0.6987742435,-1.0081181358
Atp1b1,ENSMUSG00000026576,ENSMUST00000027863.12,5.12766062201335E-07,0.0001027978,-0.7025547713,-1.0135722845
Vamp5,ENSMUSG00000073002,ENSMUST00000101285.9,7.2168697945558E-08,1.74257501381915E-05,-0.7039661221,-1.0156084334
Vamp5,ENSMUSG00000102671,ENSMUST00000192869.5,7.2168697945558E-08,1.74257501381915E-05,-0.7039661221,-1.0156084334
Myot,ENSMUSG00000024471,ENSMUST00000115498.1,0.0001024058,0.0099902086,-0.7075321584,-1.0207531361
Xirp2,ENSMUSG00000027022,ENSMUST00000112347.7,4.41185059222739E-06,0.0007018178,-0.7085445348,-1.0222136866
St3gal6,ENSMUSG00000022747,ENSMUST00000114358.8,0.0007347671,0.0475033421,-0.7221291831,-1.0418121913
Gja3,ENSMUSG00000048582,ENSMUST00000061614.7,0.000061879,0.006612127,-0.723759576,-1.0441643511
Gmpr,ENSMUSG00000000253,ENSMUST00000000260.12,1.45908807593573E-11,7.0853316967439E-09,-0.7296169844,-1.0526148052
Kcnj2,ENSMUSG00000041695,ENSMUST00000042970.2,3.95388424109983E-13,2.43381066018348E-10,-0.7371081371,-1.063422254
Carns1,ENSMUSG00000075289,ENSMUST00000167055.1,5.9349891294147E-08,1.46543934978497E-05,-0.7499849469,-1.0819995636
Carns1,ENSMUSG00000097064,ENSMUST00000181869.2,5.9349891294147E-08,1.46543934978497E-05,-0.7499849469,-1.0819995636
Art1,ENSMUSG00000030996,ENSMUST00000033300.3,2.71553166482507E-08,7.36730059706054E-06,-0.7616509693,-1.0988300763
Mgst3,ENSMUSG00000026688,ENSMUST00000028005.2,4.58332622671802E-16,3.92764096887225E-13,-0.7808898659,-1.126585937
Grb14,ENSMUSG00000026888,ENSMUST00000028252.13,0.0001616626,0.0144189843,-0.7851026562,-1.1326637086
Myot,ENSMUSG00000024471,ENSMUST00000025349.11,2.95338588680015E-06,0.0005022365,-0.7907280192,-1.1407793921
Sh3bgr,ENSMUSG00000040666,ENSMUST00000048770.14,7.87769288410505E-09,0.000002513,-0.7934781814,-1.1447470373
Eno3,ENSMUSG00000060600,ENSMUST00000072841.11,1.11473764295256E-14,8.39974033579285E-12,-0.7973209201,-1.1502909374
Pkia,ENSMUSG00000027499,ENSMUST00000028999.11,9.31827773339538E-11,4.03213871346843E-08,-0.8039641387,-1.1598750759
Pitpnc1,ENSMUSG00000040430,ENSMUST00000040380.12,1.13942683670972E-11,0.000000006,-0.8103351288,-1.1690664717
Art1,ENSMUSG00000030996,ENSMUST00000210211.1,1.28572882817133E-05,0.0017782118,-0.8125792379,-1.1723040368
Klhl41,ENSMUSG00000075307,ENSMUST00000100050.3,6.75541072134537E-06,0.0010180637,-0.8188693032,-1.1813786829
Itgb1bp2,ENSMUSG00000031312,ENSMUST00000033674.5,8.27007718518332E-11,3.61435453301252E-08,-0.8193349582,-1.1820504811
Yipf7,ENSMUSG00000029158,ENSMUST00000031045.9,0.0005667366,0.0387615923,-0.8261677752,-1.1919081523
Grhl1,ENSMUSG00000020656,ENSMUST00000085553.12,2.80485642219533E-05,0.0034824842,-0.8279068468,-1.1944171022
Eepd1,ENSMUSG00000036611,ENSMUST00000040677.5,3.2521421720453E-11,1.46527444832029E-08,-0.8367213988,-1.2071338126
Asb18,ENSMUSG00000067081,ENSMUST00000086882.7,1.20572934500767E-05,0.0016781909,-0.8428061554,-1.2159122608
Pfkm,ENSMUSG00000033065,ENSMUST00000230445.1,7.95735652298582E-14,5.43387983563395E-11,-0.8468967401,-1.221813727
Klhl31,ENSMUSG00000044938,ENSMUST00000057781.7,0.0005893566,0.0399957174,-0.8497474617,-1.2259264491
Lynx1,ENSMUSG00000022594,ENSMUST00000023259.14,1.07792428505146E-05,0.0015147782,-0.852351988,-1.2296839862
Hrasls,ENSMUSG00000022525,ENSMUST00000089824.10,0.0002329969,0.0192857901,-0.8620627185,-1.2436936089
Pfkm,ENSMUSG00000033065,ENSMUST00000051226.7,3.53891105287415E-06,0.0005849935,-0.8661934065,-1.2496529321
Pfkfb1,ENSMUSG00000025271,ENSMUST00000080884.10,9.40541032363147E-06,0.0013521515,-0.879587859,-1.2689770423
Synpo2,ENSMUSG00000050315,ENSMUST00000051443.6,0.0002235206,0.0187140675,-0.8837901936,-1.2750397295
Camk2a,ENSMUSG00000024617,ENSMUST00000102888.9,0.000000039,9.8546799520271E-06,-0.8973354373,-1.2945813855
Tmem159,ENSMUSG00000030917,ENSMUST00000033210.12,6.17457561272753E-07,0.0001210106,-0.9023127172,-1.3017620825
Hrc,ENSMUSG00000038239,ENSMUST00000085351.6,1.01157839225834E-08,3.15785871823275E-06,-0.91461147,-1.3195054321
Perm1,ENSMUSG00000078486,ENSMUST00000105572.2,8.47828698505353E-06,0.0012310135,-0.9256925088,-1.3354919918
Myoz1,ENSMUSG00000068697,ENSMUST00000090469.7,1.56679461434182E-26,3.11250871932704E-23,-0.9490796185,-1.369232459
Abcb4,ENSMUSG00000042476,ENSMUST00000003717.12,1.3929149347302E-14,1.03179583571947E-11,-0.9623401888,-1.388363418
Hspb6,ENSMUSG00000036854,ENSMUST00000044048.7,4.91633688984902E-20,5.96843298427671E-17,-0.9897340851,-1.4278844564
Asb10,ENSMUSG00000038204,ENSMUST00000048302.12,8.5176393191981E-08,2.0231245043817E-05,-1.0058844292,-1.4511844777
Armh4,ENSMUSG00000036242,ENSMUST00000036972.13,4.70501759244121E-07,9.47594879539403E-05,-1.0082585513,-1.4546096119
Lrrc39,ENSMUSG00000027961,ENSMUST00000029573.7,0.000000039,9.8546799520271E-06,-1.01162839,-1.4594712615
Adamtsl4,ENSMUSG00000015850,ENSMUST00000015994.3,1.87967936212284E-08,0.000005266,-1.0319624495,-1.4888071083
Txlnb,ENSMUSG00000039891,ENSMUST00000037964.6,1.07157420842145E-07,2.50438926229151E-05,-1.0433782664,-1.5052766507
Idh2,ENSMUSG00000030541,ENSMUST00000107384.9,7.78912863026874E-06,0.0011461821,-1.0485970502,-1.5128057642
Hhatl,ENSMUSG00000032523,ENSMUST00000163981.2,9.72418705425212E-06,0.0013888427,-1.0539089095,-1.5204691573
Dsc1,ENSMUSG00000044322,ENSMUST00000038710.5,2.95392418266595E-05,0.0036377616,-1.0723192474,-1.5470296605
Rps24,ENSMUSG00000025290,ENSMUST00000112384.9,2.50023426708049E-06,0.0004301978,-1.0819651427,-1.5609457458
Sec14l5,ENSMUSG00000091712,ENSMUST00000230616.1,1.21899880816852E-07,2.78927350325638E-05,-1.0920714921,-1.5755261259
Tcap,ENSMUSG00000007877,ENSMUST00000008021.2,5.65183897327492E-05,0.0061444769,-1.1394050102,-1.6438139578
Eno3,ENSMUSG00000060600,ENSMUST00000108548.7,3.06129422795512E-06,0.0005175288,-1.1502957518,-1.6595259766
Clcn1,ENSMUSG00000029862,ENSMUST00000114684.7,1.73279219636197E-05,0.0022810226,-1.161409269,-1.6755593928
2310002L09Rik,ENSMUSG00000028396,ENSMUST00000095023.1,9.20469005167286E-06,0.0013290566,-1.1713928762,-1.6899626934
Armh4,ENSMUSG00000036242,ENSMUST00000118129.1,2.09488920534594E-09,7.26627284368563E-07,-1.1975789039,-1.7277411458
Fhl3,ENSMUSG00000032643,ENSMUST00000038684.5,1.73328718357687E-10,7.21443648295653E-08,-1.2017376642,-1.7337409685
Ano5,ENSMUSG00000055489,ENSMUST00000043944.5,1.74467973748189E-09,0.000000625,-1.2151991626,-1.7531618055
Fsd2,ENSMUSG00000038663,ENSMUST00000042318.5,0.0001632675,0.014532472,-1.2616258295,-1.8201413276
Lrrc30,ENSMUSG00000073375,ENSMUST00000097290.2,1.2204842596145E-08,3.67862372980635E-06,-1.2662811784,-1.8268575765
Kcna7,ENSMUSG00000038201,ENSMUST00000107774.2,2.73087748655457E-08,7.36730059706054E-06,-1.2795590881,-1.846013551
Klhl33,ENSMUSG00000090799,ENSMUST00000227271.1,0.0000002,4.34872406034825E-05,-1.2897936542,-1.8607789087
2310002L09Rik,ENSMUSG00000028396,ENSMUST00000030101.3,0.000000003,1.01607505404659E-06,-1.2933031505,-1.8658420416
Rpl3l,ENSMUSG00000002500,ENSMUST00000170239.8,3.45686017678493E-23,5.20960748848996E-20,-1.3018623663,-1.8781903797
Asb15,ENSMUSG00000029685,ENSMUST00000117688.1,7.02384728755202E-06,0.0010441164,-1.3021817352,-1.8786511318
Cmbl,ENSMUSG00000022235,ENSMUST00000070918.13,6.90462055041363E-24,1.16061360205876E-20,-1.3266864562,-1.9140039711
Kcnc1,ENSMUSG00000058975,ENSMUST00000025202.7,0.000120586,0.0113824878,-1.3334433524,-1.9237521118
Asb11,ENSMUSG00000031382,ENSMUST00000036858.10,0.0005738688,0.0391880689,-1.3385332409,-1.9310952687
Scn4b,ENSMUSG00000046480,ENSMUST00000060125.6,6.70409101615116E-46,2.9299559376987E-42,-1.3939703828,-2.0110741584
Apobec2,ENSMUSG00000040694,ENSMUST00000046549.3,1.54217512724848E-13,1.02120032971617E-10,-1.4160980036,-2.0429975673
Apobec2,ENSMUSG00000116086,ENSMUST00000229603.1,1.54217512724848E-13,1.02120032971617E-10,-1.4160980036,-2.0429975673
Fn3k,ENSMUSG00000025175,ENSMUST00000026175.8,2.22908830039021E-08,6.16582753672493E-06,-1.4584536533,-2.1041038529
Smtnl1,ENSMUSG00000027077,ENSMUST00000028471.5,2.75457256197038E-13,1.77037998894638E-10,-1.5009186643,-2.1653679137
Kbtbd13,ENSMUSG00000054978,ENSMUST00000068307.3,0.000000011,3.36634550493179E-06,-1.5118547659,-2.1811453733
Kmt2d,ENSMUSG00000048154,ENSMUST00000023741.15,0.0002021171,0.0172863532,-1.5145127287,-2.1849800031
Hdac9,ENSMUSG00000004698,ENSMUST00000110819.3,1.09853177434012E-10,4.66118763745249E-08,-1.5393924637,-2.2208738734
Art5,ENSMUSG00000070424,ENSMUST00000094128.8,6.30593552498326E-07,0.0001230333,-1.553933548,-2.2418522236
Asb12,ENSMUSG00000031204,ENSMUST00000033549.2,5.13951081075172E-12,2.8432554490265E-09,-1.5596108592,-2.2500428522
Mlf1,ENSMUSG00000048416,ENSMUST00000061322.9,7.54580192253698E-25,1.37409053009398E-21,-1.6188941653,-2.335570584
Snai3,ENSMUSG00000006587,ENSMUST00000006762.6,0.0003290203,0.0253029763,-1.6236491323,-2.3424305514
Riiad1,ENSMUSG00000028139,ENSMUST00000029785.3,3.2078599118439E-07,6.64437486195384E-05,-1.6320273974,-2.3545178328
3425401B19Rik,ENSMUSG00000071540,ENSMUST00000096038.3,1.31860244474019E-17,1.28062669433167E-14,-1.7055840772,-2.46063769
Atp1b4,ENSMUSG00000016327,ENSMUST00000115134.1,2.46685324728004E-05,0.0031159351,-1.7591161779,-2.5378681863
Smco1,ENSMUSG00000046345,ENSMUST00000093183.3,1.35415409569538E-08,3.97194299317253E-06,-1.7728957911,-2.5577479658
Ky,ENSMUSG00000035606,ENSMUST00000039390.5,0.0001161997,0.0110399864,-1.8210745299,-2.6272551933
Lsmem1,ENSMUSG00000071342,ENSMUST00000220951.1,3.11601025355693E-05,0.0037828364,-1.8943929425,-2.7330313036
Dhrs7c,ENSMUSG00000033044,ENSMUST00000168612.7,1.81257354778728E-15,1.4669761913425E-12,-1.9275860458,-2.7809188292
Tigd4,ENSMUSG00000047819,ENSMUST00000062623.3,1.26833717150311E-11,6.5989771123062E-09,-1.978612321,-2.8545341834
Oaz2,ENSMUSG00000040652,ENSMUST00000153700.8,0.000000032,8.24237646647662E-06,-2.1717873837,-3.1332268883
Dhrs7c,ENSMUSG00000033044,ENSMUST00000135830.1,0.0006919463,0.0452030219,-2.6500857202,-3.8232655265
Zfp518b,ENSMUSG00000046572,ENSMUST00000179555.7,6.90816108139888E-06,0.0010304241,-2.7200950376,-3.9242676214
Bpifa2,ENSMUSG00000042459,ENSMUST00000048103.8,0.0002865,0.0229945544,-2.85450634,-4.1181821408
Bace1,ENSMUSG00000032086,ENSMUST00000162587.1,0.0001766341,0.0155637456,-3.5059110972,-5.0579605537
Asb14,ENSMUSG00000021898,ENSMUST00000090337.10,0.000348391,0.0264341697,-3.673479815,-5.2997111119
Asb14,ENSMUSG00000116208,ENSMUST00000230624.1,0.000348391,0.0264341697,-3.673479815,-5.2997111119
Plcd4,ENSMUSG00000026173,ENSMUST00000113747.7,0.0006847218,0.0448651901,-3.9533511359,-5.7034800787
Esyt2,ENSMUSG00000021171,ENSMUST00000100986.3,0.0004481075,0.0325317148,-3.980045925,-5.7419925184
Rab11a,ENSMUSG00000004771,ENSMUST00000168366.1,6.69775178914786E-05,0.007002836,-3.9946083154,-5.7630016069
Lrrc14b,ENSMUSG00000021579,ENSMUST00000022064.4,0.0002695175,0.0218940402,-4.0055906824,-5.7788458133
Mapk10,ENSMUSG00000046709,ENSMUST00000112848.7,0.000384667,0.0287867922,-4.021389375,-5.8016385087
Ano8,ENSMUSG00000034863,ENSMUST00000213382.1,5.72625903644125E-05,0.006194565,-4.3341280312,-6.2528250171
Ddx50,ENSMUSG00000020076,ENSMUST00000218372.1,0.000673051,0.0442331156,-4.6996495496,-6.7801610991
Ahi1,ENSMUSG00000019986,ENSMUST00000105525.11,0.0001552823,0.0139639045,-4.7293921975,-6.8230706697
Atl3,ENSMUSG00000024759,ENSMUST00000170373.7,0.0007244953,0.046978252,-4.8704721991,-7.0266060884
Rsrc2,ENSMUSG00000029422,ENSMUST00000182955.7,7.63941742138223E-05,0.007769931,-5.0143637397,-7.2341977004
Cntn1,ENSMUSG00000055022,ENSMUST00000169825.7,0.0003338313,0.0254620631,-5.1814983108,-7.4753219174
Col7a1,ENSMUSG00000025650,ENSMUST00000112070.7,6.43152883888074E-07,0.000124926,-6.1443739003,-8.8644577554
Atp2a2,ENSMUSG00000029467,ENSMUST00000031423.9,2.46004873256774E-14,1.76252409521542E-11,-7.3930244078,-10.6658796504
