Gene name,ens_gene,pval,qval,transcript_id
Ngfr,ENSMUSG00000000120,0.00005,0.00604561,ENSMUST00000000122.6
Fgf6,ENSMUSG00000000183,0.00005,0.00604561,ENSMUST00000000187.6
Ccnd2,ENSMUSG00000000184,0.00005,0.00604561,ENSMUST00000000188.11
Bcl6b,ENSMUSG00000000317,0.00005,0.00604561,ENSMUST00000000326.11
Alox12,ENSMUSG00000000320,0.00005,0.00604561,ENSMUST00000000329.8
Kcnn3,ENSMUSG00000000794,0.00005,0.00604561,ENSMUST00000000811.7
Hip1r,ENSMUSG00000000915,0.00005,0.00604561,ENSMUST00000000939.14
Col6a1,ENSMUSG00000001119,0.00005,0.00604561,ENSMUST00000001147.4
Col6a2,ENSMUSG00000020241,0.00005,0.00604561,ENSMUST00000001181.12
Tubb6,ENSMUSG00000001473,0.00005,0.00604561,ENSMUST00000001513.6
Col1a1,ENSMUSG00000001506,0.00005,0.00604561,ENSMUST00000001547.7
Aif1l,ENSMUSG00000001864,0.00005,0.00604561,ENSMUST00000001920.12
Abcd1,ENSMUSG00000031378,0.00005,0.00604561,ENSMUST00000002084.13
Ppm1j,ENSMUSG00000002228,0.00005,0.00604561,ENSMUST00000002298.6
Zim1,ENSMUSG00000002266,0.00005,0.00604561,ENSMUST00000002336.15
Lamb1,ENSMUSG00000002900,0.00005,0.00604561,ENSMUST00000002979.14
Abcb4,ENSMUSG00000042476,0.00005,0.00604561,ENSMUST00000003717.12
Gstm7,ENSMUSG00000004035,0.00005,0.00604561,ENSMUST00000004137.10
Mtfp1,ENSMUSG00000004748,0.00005,0.00604561,ENSMUST00000004868.5
Klf5,ENSMUSG00000005148,0.00005,0.00604561,ENSMUST00000005279.7
Nid1,ENSMUSG00000005397,0.00005,0.00604561,ENSMUST00000005532.8
Hmox1,ENSMUSG00000005413,0.00005,0.00604561,ENSMUST00000005548.7
Slc30a4,ENSMUSG00000005802,0.00005,0.00604561,ENSMUST00000005952.10
Tead4,ENSMUSG00000030353,0.00005,0.00604561,ENSMUST00000006311.12
Vwa7,ENSMUSG00000007030,0.00005,0.00604561,ENSMUST00000007245.7
Tgfbr1,ENSMUSG00000007613,0.00005,0.00604561,ENSMUST00000007757.14
Abhd8,ENSMUSG00000007950,0.00005,0.00604561,ENSMUST00000008094.9
Mymk,ENSMUSG00000009214,0.00005,0.00604561,ENSMUST00000009358.8
Dll1,ENSMUSG00000014773,0.00005,0.00604561,ENSMUST00000014917.7
Tppp3,ENSMUSG00000014846,0.00005,0.00604561,ENSMUST00000014990.12
Aldh1a3,ENSMUSG00000015134,0.00005,0.00604561,ENSMUST00000015278.14
Lpl,ENSMUSG00000015568,0.00005,0.00604561,ENSMUST00000015712.14
Adamtsl4,ENSMUSG00000015850,0.00005,0.00604561,ENSMUST00000015994.3
Cd274,ENSMUSG00000016496,0.00005,0.00604561,ENSMUST00000016640.7
Vtn,ENSMUSG00000017344,0.00005,0.00604561,ENSMUST00000017488.4
Traf4,ENSMUSG00000017386,0.00005,0.00604561,ENSMUST00000017530.3
Myh8,ENSMUSG00000055775,0.00005,0.00604561,ENSMUST00000019625.11
Pde7b,ENSMUSG00000019990,0.00005,0.00604561,ENSMUST00000020165.13
Igfbp3,ENSMUSG00000020427,0.00005,0.00604561,ENSMUST00000020702.10
Adcy1,ENSMUSG00000020431,0.00005,0.00604561,ENSMUST00000020706.4
Nrcam,ENSMUSG00000020598,0.00005,0.00604561,ENSMUST00000020939.15
Id2,ENSMUSG00000020644,0.00005,0.00604561,ENSMUST00000020974.6
Rrm2,ENSMUSG00000020649,0.00005,0.00604561,ENSMUST00000020980.11
Klf11,ENSMUSG00000020653,0.00005,0.00604561,ENSMUST00000020982.6
Ccl7,ENSMUSG00000035373,0.00005,0.00604561,ENSMUST00000021011.2
Slc9a3r1,ENSMUSG00000020733,0.00005,0.00604561,ENSMUST00000021077.3
Tac4,ENSMUSG00000020872,0.00005,0.00604561,ENSMUST00000021242.4
Serpina3n,ENSMUSG00000021091,0.00005,0.00604561,ENSMUST00000021506.5
Galnt16,ENSMUSG00000021130,0.00005,0.00604561,ENSMUST00000021558.7
Fos,ENSMUSG00000021250,0.00005,0.00604561,ENSMUST00000021674.6
Tppp,ENSMUSG00000021573,0.00005,0.00604561,ENSMUST00000022057.8
Plk2,ENSMUSG00000021701,0.00005,0.00604561,ENSMUST00000022212.8
Loxl2,ENSMUSG00000034205,0.00005,0.00604561,ENSMUST00000022660.13
Gdnf,ENSMUSG00000022144,0.00005,0.00604561,ENSMUST00000022744.4
Lynx1,ENSMUSG00000022594,0.00005,0.00604561,ENSMUST00000023259.14
Arc,ENSMUSG00000022602,0.00005,0.00604561,ENSMUST00000023268.13
P2rx6,ENSMUSG00000022758,0.00005,0.00604561,ENSMUST00000023441.10
Sdf2l1,ENSMUSG00000022769,0.00005,0.00604561,ENSMUST00000023453.9
Tfrc,ENSMUSG00000022797,0.00005,0.00604561,ENSMUST00000023486.14
Slc15a2,ENSMUSG00000022899,0.00005,0.00604561,ENSMUST00000023616.9
Runx1,ENSMUSG00000022952,0.00005,0.00604561,ENSMUST00000023673.13
Nr4a1,ENSMUSG00000023034,0.00005,0.00604561,ENSMUST00000023779.7
Krt18,ENSMUSG00000023043,0.00005,0.00604561,ENSMUST00000023803.7
Cdkn1a,ENSMUSG00000023067,0.00005,0.00604561,ENSMUST00000023829.6
Cxcl13,ENSMUSG00000023078,0.00005,0.00604561,ENSMUST00000023840.6
Krt8,ENSMUSG00000049382,0.00005,0.00604561,ENSMUST00000023952.9
Kcnk5,ENSMUSG00000023243,0.00005,0.00604561,ENSMUST00000024011.9
Ache,ENSMUSG00000023328,0.00005,0.00604561,ENSMUST00000024099.10
Wfdc1,ENSMUSG00000023336,0.00005,0.00604561,ENSMUST00000024107.6
Arhgap28,ENSMUSG00000024043,0.00005,0.00604561,ENSMUST00000024840.11
Jpt2,ENSMUSG00000024165,0.00005,0.00604561,ENSMUST00000024981.7
Syt4,ENSMUSG00000024261,0.00005,0.00604561,ENSMUST00000025110.3
Wdr46,ENSMUSG00000024312,0.00005,0.00604561,ENSMUST00000025170.9
Kcnc1,ENSMUSG00000058975,0.00005,0.00604561,ENSMUST00000025202.7
Spry4,ENSMUSG00000024427,0.00005,0.00604561,ENSMUST00000025295.6
Me2,ENSMUSG00000024556,0.00005,0.00604561,ENSMUST00000025439.3
Ankrd1,ENSMUSG00000024803,0.00005,0.00604561,ENSMUST00000025718.8
Rin1,ENSMUSG00000024883,0.00005,0.00604561,ENSMUST00000025818.7
Myadml2,ENSMUSG00000025141,0.00005,0.00604561,ENSMUST00000026134.2
Fn3k,ENSMUSG00000025175,0.00005,0.00604561,ENSMUST00000026175.8
Cyp2e1,ENSMUSG00000025479,0.00005,0.00604561,ENSMUST00000026552.8
Nptx1,ENSMUSG00000025582,0.00005,0.00604561,ENSMUST00000026670.4
Map3k7cl,ENSMUSG00000025610,0.00005,0.00604561,ENSMUST00000026700.7
Cnksr2,ENSMUSG00000025658,0.00005,0.00604561,ENSMUST00000026750.14
Gdap1,ENSMUSG00000025777,0.00005,0.00604561,ENSMUST00000026879.7
Itih5,ENSMUSG00000025780,0.00005,0.00604561,ENSMUST00000026886.7
Clec3b,ENSMUSG00000025784,0.00005,0.00604561,ENSMUST00000026890.5
St8sia2,ENSMUSG00000025789,0.00005,0.00604561,ENSMUST00000026896.9
Adhfe1,ENSMUSG00000025911,0.00005,0.00604561,ENSMUST00000027044.14
Stk17b,ENSMUSG00000026094,0.00005,0.00604561,ENSMUST00000027263.13
Cnga3,ENSMUSG00000026114,0.00005,0.00604561,ENSMUST00000027288.9
Chrng,ENSMUSG00000026253,0.00005,0.00604561,ENSMUST00000027470.13
Efhd1,ENSMUSG00000026255,0.00005,0.00604561,ENSMUST00000027472.6
Cdk18,ENSMUSG00000026437,0.00005,0.00604561,ENSMUST00000027697.11
Myog,ENSMUSG00000026459,0.00005,0.00604561,ENSMUST00000027730.5
Hsd17b7,ENSMUSG00000026675,0.00005,0.00604561,ENSMUST00000027989.12
Aldh9a1,ENSMUSG00000026687,0.00005,0.00604561,ENSMUST00000028004.10
Lamc3,ENSMUSG00000026840,0.00005,0.00604561,ENSMUST00000028187.6
Grb14,ENSMUSG00000026888,0.00005,0.00604561,ENSMUST00000028252.13
Col5a1,ENSMUSG00000026837,0.00005,0.00604561,ENSMUST00000028280.13
Frzb,ENSMUSG00000027004,0.00005,0.00604561,ENSMUST00000028389.3
Smtnl1,ENSMUSG00000027077,0.00005,0.00604561,ENSMUST00000028471.5
Chrna1,ENSMUSG00000027107,0.00005,0.00604561,ENSMUST00000028515.3
Fbn1,ENSMUSG00000027204,0.00005,0.00604561,ENSMUST00000028633.12
Lrp4,ENSMUSG00000027253,0.00005,0.00604561,ENSMUST00000028689.3
Dusp2,ENSMUSG00000027368,0.00005,0.00604561,ENSMUST00000028846.6
Acss1,ENSMUSG00000027452,0.00005,0.00604561,ENSMUST00000028944.3
Bpifa5,ENSMUSG00000027484,0.00005,0.00604561,ENSMUST00000028986.2
Pck1,ENSMUSG00000027513,0.00005,0.00604561,ENSMUST00000029017.5
Dok5,ENSMUSG00000027560,0.00005,0.00604561,ENSMUST00000029075.4
Slc25a24,ENSMUSG00000040322,0.00005,0.00604561,ENSMUST00000029477.10
Fam198b,ENSMUSG00000027955,0.00005,0.00604561,ENSMUST00000029567.8
Lrrc39,ENSMUSG00000027961,0.00005,0.00604561,ENSMUST00000029573.7
Dkk2,ENSMUSG00000028031,0.00005,0.00604561,ENSMUST00000029665.6
Kcnq5,ENSMUSG00000028033,0.00005,0.00604561,ENSMUST00000029667.12
Col24a1,ENSMUSG00000028197,0.00005,0.00604561,ENSMUST00000029848.4
Orm1,ENSMUSG00000039196,0.00005,0.00604561,ENSMUST00000030044.2
Ptgr1,ENSMUSG00000028378,0.00005,0.00604561,ENSMUST00000030069.6
Ugcg,ENSMUSG00000028381,0.00005,0.00604561,ENSMUST00000030074.7
Ctps,ENSMUSG00000028633,0.00005,0.00604561,ENSMUST00000030381.7
Alpl,ENSMUSG00000028766,0.00005,0.00604561,ENSMUST00000030551.10
Zfp593,ENSMUSG00000028840,0.00005,0.00604561,ENSMUST00000030644.7
Evc,ENSMUSG00000029122,0.00005,0.00604561,ENSMUST00000031005.10
Yipf7,ENSMUSG00000029158,0.00005,0.00604561,ENSMUST00000031045.9
Cgref1,ENSMUSG00000029161,0.00005,0.00604561,ENSMUST00000031051.7
Sel1l3,ENSMUSG00000029189,0.00005,0.00604561,ENSMUST00000031090.7
U90926,ENSMUSG00000029409,0.00005,0.00604561,ENSMUST00000031356.4
Mfsd7a,ENSMUSG00000029490,0.00005,0.00604561,ENSMUST00000031455.3
Mogs,ENSMUSG00000030036,0.00005,0.00604561,ENSMUST00000032114.7
Itgax,ENSMUSG00000030789,0.00005,0.00604561,ENSMUST00000033053.7
Mki67,ENSMUSG00000031004,0.00005,0.00604561,ENSMUST00000033310.8
Akip1,ENSMUSG00000031023,0.00005,0.00604561,ENSMUST00000033335.5
Slc9a9,ENSMUSG00000031129,0.00005,0.00604561,ENSMUST00000033463.9
Asb12,ENSMUSG00000031204,0.00005,0.00604561,ENSMUST00000033549.2
Itm2a,ENSMUSG00000031239,0.00005,0.00604561,ENSMUST00000033591.5
Tnmd,ENSMUSG00000031250,0.00005,0.00604561,ENSMUST00000033602.8
Tceal6,ENSMUSG00000031409,0.00005,0.00604561,ENSMUST00000033783.1
Sap30,ENSMUSG00000031609,0.00005,0.00604561,ENSMUST00000034022.3
Sh3rf1,ENSMUSG00000031642,0.00005,0.00604561,ENSMUST00000034060.6
Ces1d,ENSMUSG00000056973,0.00005,0.00604561,ENSMUST00000034172.7
Rrad,ENSMUSG00000031880,0.00005,0.00604561,ENSMUST00000034351.7
Pdzd3,ENSMUSG00000032105,0.00005,0.00604561,ENSMUST00000034618.5
Dapk2,ENSMUSG00000032380,0.00005,0.00604561,ENSMUST00000034944.8
Spg21,ENSMUSG00000032388,0.00005,0.00604561,ENSMUST00000034955.7
Hhatl,ENSMUSG00000032523,0.00005,0.00604561,ENSMUST00000035110.10
Tnfrsf23,ENSMUSG00000037613,0.00005,0.00604561,ENSMUST00000035742.13
Lrrc52,ENSMUSG00000040485,0.00005,0.00604561,ENSMUST00000036643.5
Prex1,ENSMUSG00000039621,0.00005,0.00604561,ENSMUST00000036719.11
Ephx1,ENSMUSG00000038776,0.00005,0.00604561,ENSMUST00000036928.11
Eda2r,ENSMUSG00000034457,0.00005,0.00604561,ENSMUST00000037353.9
Ldlrap1,ENSMUSG00000037295,0.00005,0.00604561,ENSMUST00000037828.7
Mybph,ENSMUSG00000042451,0.00005,0.00604561,ENSMUST00000038445.12
Pygo1,ENSMUSG00000034910,0.00005,0.00604561,ENSMUST00000038489.5
Slc25a34,ENSMUSG00000040740,0.00005,0.00604561,ENSMUST00000038661.7
Ky,ENSMUSG00000035606,0.00005,0.00604561,ENSMUST00000039390.5
Pkp2,ENSMUSG00000041957,0.00005,0.00604561,ENSMUST00000039408.2
Pde4a,ENSMUSG00000032177,0.00005,0.00604561,ENSMUST00000039413.14
Kctd12b,ENSMUSG00000041633,0.00005,0.00604561,ENSMUST00000039424.13
Zswim4,ENSMUSG00000035671,0.00005,0.00604561,ENSMUST00000039480.6
Dusp8,ENSMUSG00000037887,0.00005,0.00604561,ENSMUST00000039926.9
Gdf5,ENSMUSG00000038259,0.00005,0.00604561,ENSMUST00000040162.2
Pitpnc1,ENSMUSG00000040430,0.00005,0.00604561,ENSMUST00000040380.12
Irs2,ENSMUSG00000038894,0.00005,0.00604561,ENSMUST00000040514.7
Parm1,ENSMUSG00000034981,0.00005,0.00604561,ENSMUST00000040576.9
Maob,ENSMUSG00000040147,0.00005,0.00604561,ENSMUST00000040820.12
Ammecr1,ENSMUSG00000042225,0.00005,0.00604561,ENSMUST00000041317.2
Fsd2,ENSMUSG00000038663,0.00005,0.00604561,ENSMUST00000042318.5
6430571L13Rik,ENSMUSG00000037977,0.00005,0.00604561,ENSMUST00000042581.3
Atoh8,ENSMUSG00000037621,0.00005,0.00604561,ENSMUST00000042646.7
Ppm1k,ENSMUSG00000037826,0.00005,0.00604561,ENSMUST00000042766.5
Arap3,ENSMUSG00000024451,0.00005,0.00604561,ENSMUST00000042944.7
Kcnj2,ENSMUSG00000041695,0.00005,0.00604561,ENSMUST00000042970.2
Gadd45a,ENSMUSG00000036390,0.00005,0.00604561,ENSMUST00000043098.8
Ces2g,ENSMUSG00000031877,0.00005,0.00604561,ENSMUST00000043183.7
Pvr,ENSMUSG00000040511,0.00005,0.00604561,ENSMUST00000043517.7
Ano5,ENSMUSG00000055489,0.00005,0.00604561,ENSMUST00000043944.5
Colgalt2,ENSMUSG00000032649,0.00005,0.00604561,ENSMUST00000044311.8
Rims4,ENSMUSG00000035226,0.00005,0.00604561,ENSMUST00000044734.2
Chrnb1,ENSMUSG00000041189,0.00005,0.00604561,ENSMUST00000045971.8
Klhdc8a,ENSMUSG00000042115,0.00005,0.00604561,ENSMUST00000046071.4
Ckap2,ENSMUSG00000037725,0.00005,0.00604561,ENSMUST00000046916.8
Usp31,ENSMUSG00000063317,0.00005,0.00604561,ENSMUST00000046929.6
Lgalsl,ENSMUSG00000042363,0.00005,0.00604561,ENSMUST00000047028.8
Plekhh2,ENSMUSG00000040852,0.00005,0.00604561,ENSMUST00000047206.5
Dhrs11,ENSMUSG00000034449,0.00005,0.00604561,ENSMUST00000047560.7
Dpp4,ENSMUSG00000035000,0.00005,0.00604561,ENSMUST00000047812.7
Atp1b2,ENSMUSG00000041329,0.00005,0.00604561,ENSMUST00000047889.12
Fmod,ENSMUSG00000041559,0.00005,0.00604561,ENSMUST00000048183.7
Asb10,ENSMUSG00000038204,0.00005,0.00604561,ENSMUST00000048302.12
Polr3g,ENSMUSG00000035834,0.00005,0.00604561,ENSMUST00000048993.11
Wdr55,ENSMUSG00000042660,0.00005,0.00604561,ENSMUST00000049323.7
Serinc5,ENSMUSG00000021703,0.00005,0.00604561,ENSMUST00000049488.8
Nov,ENSMUSG00000037362,0.00005,0.00604561,ENSMUST00000050027.8
Slc15a5,ENSMUSG00000044378,0.00005,0.00604561,ENSMUST00000050132.9
Tob2,ENSMUSG00000048546,0.00005,0.00604561,ENSMUST00000050467.8
Lcn2,ENSMUSG00000026822,0.00005,0.00604561,ENSMUST00000050785.13
Stbd1,ENSMUSG00000047963,0.00005,0.00604561,ENSMUST00000050952.3
Wdr47,ENSMUSG00000040389,0.00005,0.00604561,ENSMUST00000051145.14
Peg3,ENSMUSG00000002265,0.00005,0.00604561,ENSMUST00000051209.10
Ang2,ENSMUSG00000047894,0.00005,0.00604561,ENSMUST00000051274.1
Cldn4,ENSMUSG00000047501,0.00005,0.00604561,ENSMUST00000051401.3
Aldh3b1,ENSMUSG00000024885,0.00005,0.00604561,ENSMUST00000051803.6
Lrrc38,ENSMUSG00000028584,0.00005,0.00604561,ENSMUST00000052458.2
Tcim,ENSMUSG00000056313,0.00005,0.00604561,ENSMUST00000052622.5
Snai1,ENSMUSG00000042821,0.00005,0.00604561,ENSMUST00000052631.7
Klhl23,ENSMUSG00000042155,0.00005,0.00604561,ENSMUST00000053087.3
Dact2,ENSMUSG00000048826,0.00005,0.00604561,ENSMUST00000053218.5
Cdk5r1,ENSMUSG00000048895,0.00005,0.00604561,ENSMUST00000053413.11
Pptc7,ENSMUSG00000038582,0.00005,0.00604561,ENSMUST00000053426.14
Tecrl,ENSMUSG00000049537,0.00005,0.00604561,ENSMUST00000053543.10
Ddit4l,ENSMUSG00000046818,0.00005,0.00604561,ENSMUST00000053855.7
Lingo3,ENSMUSG00000051067,0.00005,0.00604561,ENSMUST00000053986.8
Ces2c,ENSMUSG00000061825,0.00005,0.00604561,ENSMUST00000055052.5
Baiap2l1,ENSMUSG00000038859,0.00005,0.00604561,ENSMUST00000055190.7
Ppm1e,ENSMUSG00000046442,0.00005,0.00604561,ENSMUST00000055438.4
Cdc42ep2,ENSMUSG00000045664,0.00005,0.00604561,ENSMUST00000055458.4
Zfp697,ENSMUSG00000050064,0.00005,0.00604561,ENSMUST00000056096.14
Myoz3,ENSMUSG00000049173,0.00005,0.00604561,ENSMUST00000056533.7
Acot6,ENSMUSG00000043487,0.00005,0.00604561,ENSMUST00000056822.3
Mylk4,ENSMUSG00000044951,0.00005,0.00604561,ENSMUST00000057428.11
Gdf6,ENSMUSG00000051279,0.00005,0.00604561,ENSMUST00000057613.2
Cilp2,ENSMUSG00000044006,0.00005,0.00604561,ENSMUST00000057831.7
Fzd4,ENSMUSG00000049791,0.00005,0.00604561,ENSMUST00000058755.4
Frat2,ENSMUSG00000047604,0.00005,0.00604561,ENSMUST00000059231.3
Pdp2,ENSMUSG00000048371,0.00005,0.00604561,ENSMUST00000059588.7
Scn4b,ENSMUSG00000046480,0.00005,0.00604561,ENSMUST00000060125.6
Sorl1,ENSMUSG00000049313,0.00005,0.00604561,ENSMUST00000060989.8
Mlf1,ENSMUSG00000048416,0.00005,0.00604561,ENSMUST00000061322.9
Mettl21c,ENSMUSG00000047343,0.00005,0.00604561,ENSMUST00000061421.3
E2f2,ENSMUSG00000018983,0.00005,0.00604561,ENSMUST00000061721.5
Kcng4,ENSMUSG00000045246,0.00005,0.00604561,ENSMUST00000061828.9
Shb,ENSMUSG00000044813,0.00005,0.00604561,ENSMUST00000061986.11
Rtl3,ENSMUSG00000047686,0.00005,0.00604561,ENSMUST00000062010.9
Tusc5,ENSMUSG00000046275,0.00005,0.00604561,ENSMUST00000062024.2
4930539E08Rik,ENSMUSG00000048905,0.00005,0.00604561,ENSMUST00000062357.5
Fzd9,ENSMUSG00000049551,0.00005,0.00604561,ENSMUST00000062572.2
Chil3,ENSMUSG00000040809,0.00005,0.00604561,ENSMUST00000063062.8
Agt,ENSMUSG00000031980,0.00005,0.00604561,ENSMUST00000063278.6
Scn5a,ENSMUSG00000032511,0.00005,0.00604561,ENSMUST00000065196.12
Cdh22,ENSMUSG00000053166,0.00005,0.00604561,ENSMUST00000065438.12
Arhgap20,ENSMUSG00000053199,0.00005,0.00604561,ENSMUST00000065496.11
Abat,ENSMUSG00000057880,0.00005,0.00604561,ENSMUST00000065987.13
Sh3bp4,ENSMUSG00000036206,0.00005,0.00604561,ENSMUST00000066279.10
Hspa12a,ENSMUSG00000025092,0.00005,0.00604561,ENSMUST00000066285.4
Ptrh1,ENSMUSG00000053746,0.00005,0.00604561,ENSMUST00000066352.5
Fam212b,ENSMUSG00000048458,0.00005,0.00604561,ENSMUST00000066610.7
Ostn,ENSMUSG00000052276,0.00005,0.00604561,ENSMUST00000066852.8
Iigp1,ENSMUSG00000054072,0.00005,0.00604561,ENSMUST00000066912.11
Zfp395,ENSMUSG00000034522,0.00005,0.00604561,ENSMUST00000066994.6
Arfgap3,ENSMUSG00000054277,0.00005,0.00604561,ENSMUST00000067215.8
Klf2,ENSMUSG00000055148,0.00005,0.00604561,ENSMUST00000067912.7
Top2a,ENSMUSG00000020914,0.00005,0.00604561,ENSMUST00000068031.7
Slc39a14,ENSMUSG00000022094,0.00005,0.00604561,ENSMUST00000068044.13
Nt5c1a,ENSMUSG00000054958,0.00005,0.00604561,ENSMUST00000068262.5
Kbtbd13,ENSMUSG00000054978,0.00005,0.00604561,ENSMUST00000068307.3
Zfp46,ENSMUSG00000051351,0.00005,0.00604561,ENSMUST00000069195.4
Rras2,ENSMUSG00000055723,0.00005,0.00604561,ENSMUST00000069449.6
Abcd2,ENSMUSG00000055782,0.00005,0.00604561,ENSMUST00000069511.7
Lep,ENSMUSG00000059201,0.00005,0.00604561,ENSMUST00000069789.11
Irs1,ENSMUSG00000055980,0.00005,0.00604561,ENSMUST00000069799.2
S100a8,ENSMUSG00000056054,0.00005,0.00604561,ENSMUST00000069927.9
Itpkb,ENSMUSG00000038855,0.00005,0.00604561,ENSMUST00000070181.6
Cmbl,ENSMUSG00000022235,0.00005,0.00604561,ENSMUST00000070918.13
Tmem65,ENSMUSG00000062373,0.00005,0.00604561,ENSMUST00000072113.5
Klk1b8,ENSMUSG00000063089,0.00005,0.00604561,ENSMUST00000072204.4
Slc9a7,ENSMUSG00000037341,0.00005,0.00604561,ENSMUST00000072451.10
Myod1,ENSMUSG00000009471,0.00005,0.00604561,ENSMUST00000072514.2
Msln,ENSMUSG00000063011,0.00005,0.00604561,ENSMUST00000075884.6
Abtb2,ENSMUSG00000032724,0.00005,0.00604561,ENSMUST00000076212.3
Ifit3b,ENSMUSG00000062488,0.00005,0.00604561,ENSMUST00000076249.5
Ttf2,ENSMUSG00000033222,0.00005,0.00604561,ENSMUST00000076941.11
Krt80,ENSMUSG00000037185,0.00005,0.00604561,ENSMUST00000077196.5
Dmac2,ENSMUSG00000057229,0.00005,0.00604561,ENSMUST00000077338.11
Osbpl6,ENSMUSG00000042359,0.00005,0.00604561,ENSMUST00000077972.10
Eif1a,ENSMUSG00000057561,0.00005,0.00604561,ENSMUST00000078079.9
Impdh1,ENSMUSG00000003500,0.00005,0.00604561,ENSMUST00000078155.11
Rnf150,ENSMUSG00000047747,0.00005,0.00604561,ENSMUST00000078525.6
Pop1,ENSMUSG00000022325,0.00005,0.00604561,ENSMUST00000079028.5
Aqp4,ENSMUSG00000024411,0.00005,0.00604561,ENSMUST00000079081.6
Paqr9,ENSMUSG00000064225,0.00005,0.00604561,ENSMUST00000079597.6
Tnfrsf11b,ENSMUSG00000063727,0.00005,0.00604561,ENSMUST00000079772.3
2610301B20Rik,ENSMUSG00000059482,0.00005,0.00604561,ENSMUST00000080517.13
Sema3f,ENSMUSG00000034684,0.00005,0.00604561,ENSMUST00000080560.8
Hoga1,ENSMUSG00000025176,0.00005,0.00604561,ENSMUST00000081714.4
Rnf217,ENSMUSG00000063760,0.00005,0.00604561,ENSMUST00000081989.7
Amer1,ENSMUSG00000050332,0.00005,0.00604561,ENSMUST00000084535.5
Trmt61a,ENSMUSG00000060950,0.00005,0.00604561,ENSMUST00000084947.9
Grhl1,ENSMUSG00000020656,0.00005,0.00604561,ENSMUST00000085553.12
Hes6,ENSMUSG00000067071,0.00005,0.00604561,ENSMUST00000086851.1
Asb18,ENSMUSG00000067081,0.00005,0.00604561,ENSMUST00000086882.7
Frat1,ENSMUSG00000067199,0.00005,0.00604561,ENSMUST00000087155.4
Klhl34,ENSMUSG00000047485,0.00005,0.00604561,ENSMUST00000087157.4
Lgi1,ENSMUSG00000067242,0.00005,0.00604561,ENSMUST00000087252.11
Capn6,ENSMUSG00000067276,0.00005,0.00604561,ENSMUST00000087316.5
Tnxb,ENSMUSG00000033327,0.00005,0.00604561,ENSMUST00000087399.4
Rab44,ENSMUSG00000064147,0.00005,0.00604561,ENSMUST00000087942.4
Pkhd1,ENSMUSG00000043760,0.00005,0.00604561,ENSMUST00000088448.11
Hrasls,ENSMUSG00000022525,0.00005,0.00604561,ENSMUST00000089824.10
Actc1,ENSMUSG00000068614,0.00005,0.00604561,ENSMUST00000090269.6
Usp53,ENSMUSG00000039701,0.00005,0.00604561,ENSMUST00000090379.6
Celsr2,ENSMUSG00000068740,0.00005,0.00604561,ENSMUST00000090558.9
Mapk4,ENSMUSG00000024558,0.00005,0.00604561,ENSMUST00000091851.9
Smco1,ENSMUSG00000046345,0.00005,0.00604561,ENSMUST00000093183.4
Zbtb16,ENSMUSG00000066687,0.00005,0.00604561,ENSMUST00000093852.4
Mn1,ENSMUSG00000070576,0.00005,0.00604561,ENSMUST00000094463.4
2310002L09Rik,ENSMUSG00000028396,0.00005,0.00604561,ENSMUST00000095023.1
Mboat4,ENSMUSG00000071113,0.00005,0.00604561,ENSMUST00000095345.4
Abi3bp,ENSMUSG00000035258,0.00005,0.00604561,ENSMUST00000096012.10
3425401B19Rik,ENSMUSG00000071540,0.00005,0.00604561,ENSMUST00000096038.3
Lrrn4cl,ENSMUSG00000071656,0.00005,0.00604561,ENSMUST00000096257.2
Egflam,ENSMUSG00000042961,0.00005,0.00604561,ENSMUST00000096494.4
Gm5532,ENSMUSG00000073535,0.00005,0.00604561,ENSMUST00000097531.2
Ramp1,ENSMUSG00000034353,0.00005,0.00604561,ENSMUST00000097648.5
Col6a3,ENSMUSG00000048126,0.00005,0.00604561,ENSMUST00000097653.10
Pm20d2,ENSMUSG00000054659,0.00005,0.00604561,ENSMUST00000098181.8
Homer2,ENSMUSG00000025813,0.00005,0.00604561,ENSMUST00000098326.2
Col6a6,ENSMUSG00000043719,0.00005,0.00604561,ENSMUST00000098441.9
Plekhf1,ENSMUSG00000074170,0.00005,0.00604561,ENSMUST00000098513.5
Mafb,ENSMUSG00000074622,0.00005,0.00604561,ENSMUST00000099126.4
Atp13a3,ENSMUSG00000022533,0.00005,0.00604561,ENSMUST00000100013.8
Scn3a,ENSMUSG00000057182,0.00005,0.00604561,ENSMUST00000100069.8
Iqsec1,ENSMUSG00000034312,0.00005,0.00604561,ENSMUST00000101151.9
Fndc5,ENSMUSG00000001334,0.00005,0.00604561,ENSMUST00000102600.3
Tnfaip2,ENSMUSG00000021281,0.00005,0.00604561,ENSMUST00000102745.9
Stam2,ENSMUSG00000055371,0.00005,0.00604561,ENSMUST00000102759.7
Acot11,ENSMUSG00000034853,0.00005,0.00604561,ENSMUST00000102762.9
Col23a1,ENSMUSG00000063564,0.00005,0.00604561,ENSMUST00000102765.8
Col15a1,ENSMUSG00000028339,0.00005,0.00604561,ENSMUST00000102917.10
Aoc3,ENSMUSG00000019326,0.00005,0.00604561,ENSMUST00000103105.9
Polr1b,ENSMUSG00000027395,0.00005,0.00604561,ENSMUST00000103205.10
Nrarp,ENSMUSG00000078202,0.00005,0.00604561,ENSMUST00000104999.3
Ctnna3,ENSMUSG00000060843,0.00005,0.00604561,ENSMUST00000105440.7
Perm1,ENSMUSG00000078486,0.00005,0.00604561,ENSMUST00000105572.2
Gm572,ENSMUSG00000070577,0.00005,0.00604561,ENSMUST00000105698.2
Mycl,ENSMUSG00000028654,0.00005,0.00604561,ENSMUST00000106252.8
Col25a1,ENSMUSG00000058897,0.00005,0.00604561,ENSMUST00000106353.1
Klf4,ENSMUSG00000003032,0.00005,0.00604561,ENSMUST00000107619.2
Kcna7,ENSMUSG00000038201,0.00005,0.00604561,ENSMUST00000107774.2
Rasl10b,ENSMUSG00000020684,0.00005,0.00604561,ENSMUST00000108140.9
Hdac9,ENSMUSG00000004698,0.00005,0.00604561,ENSMUST00000110819.3
Efr3b,ENSMUSG00000020658,0.00005,0.00604561,ENSMUST00000111178.1
Pcp4l1,ENSMUSG00000038370,0.00005,0.00604561,ENSMUST00000111332.1
Tmem233,ENSMUSG00000079278,0.00005,0.00604561,ENSMUST00000111997.1
Crim1,ENSMUSG00000024074,0.00005,0.00604561,ENSMUST00000112498.2
Galnt5,ENSMUSG00000026828,0.00005,0.00604561,ENSMUST00000112616.7
Kdr,ENSMUSG00000062960,0.00005,0.00604561,ENSMUST00000113516.1
Runx1,ENSMUSG00000022952,0.00005,0.00604561,ENSMUST00000113956.9
Ncam1,ENSMUSG00000039542,0.00005,0.00604561,ENSMUST00000114476.7
Clcn1,ENSMUSG00000029862,0.00005,0.00604561,ENSMUST00000114684.7
Igsf1,ENSMUSG00000031111,0.00005,0.00604561,ENSMUST00000114893.7
Plxna4,ENSMUSG00000029765,0.00005,0.00604561,ENSMUST00000115096.3
Bdh1,ENSMUSG00000046598,0.00005,0.00604561,ENSMUST00000115227.9
Met,ENSMUSG00000009376,0.00005,0.00604561,ENSMUST00000115443.7
Magix,ENSMUSG00000031147,0.00005,0.00604561,ENSMUST00000115695.3
Fads3,ENSMUSG00000024664,0.00005,0.00604561,ENSMUST00000115995.2
Abhd17c,ENSMUSG00000038459,0.00005,0.00604561,ENSMUST00000117085.1
Fzd10,ENSMUSG00000081683,0.00005,0.00604561,ENSMUST00000117102.3
Asb15,ENSMUSG00000029685,0.00005,0.00604561,ENSMUST00000117688.1
Blnk,ENSMUSG00000061132,0.00005,0.00604561,ENSMUST00000117695.7
Cth,ENSMUSG00000028179,0.00005,0.00604561,ENSMUST00000118539.1
Osbpl5,ENSMUSG00000037606,0.00005,0.00604561,ENSMUST00000119499.7
Fam167a,ENSMUSG00000035095,0.00005,0.00604561,ENSMUST00000121288.1
Rap1gap2,ENSMUSG00000038807,0.00005,0.00604561,ENSMUST00000123440.1
Dach2,ENSMUSG00000025592,0.00005,0.00604561,ENSMUST00000123974.1
Kcnn3,ENSMUSG00000000794,0.00005,0.00604561,ENSMUST00000124584.3
Isoc2a,ENSMUSG00000086784,0.00005,0.00604561,ENSMUST00000125249.2
Actr3b,ENSMUSG00000056367,0.00005,0.00604561,ENSMUST00000128727.7
Magix,ENSMUSG00000031147,0.00005,0.00604561,ENSMUST00000130287.1
Ppargc1a,ENSMUSG00000029167,0.00005,0.00604561,ENSMUST00000132734.7
Hsf2bp,ENSMUSG00000002076,0.00005,0.00604561,ENSMUST00000133308.1
Chst3,ENSMUSG00000057337,0.00005,0.00604561,ENSMUST00000135158.8
Gm11205,ENSMUSG00000084969,0.00005,0.00604561,ENSMUST00000137738.1
Anks1,ENSMUSG00000024219,0.00005,0.00604561,ENSMUST00000139173.1
Adra1b,ENSMUSG00000050541,0.00005,0.00604561,ENSMUST00000139906.1
Nos1,ENSMUSG00000029361,0.00005,0.00604561,ENSMUST00000142742.8
Zfp568,ENSMUSG00000074221,0.00005,0.00604561,ENSMUST00000146074.7
Lgals3,ENSMUSG00000050335,0.00005,0.00604561,ENSMUST00000146468.3
Foxo6os,ENSMUSG00000084929,0.00005,0.00604561,ENSMUST00000152384.1
Ifi203-ps,ENSMUSG00000090222,0.00005,0.00604561,ENSMUST00000155076.2
Synpo,ENSMUSG00000043079,0.00005,0.00604561,ENSMUST00000155195.2
Col22a1,ENSMUSG00000079022,0.00005,0.00604561,ENSMUST00000159993.7
Prkag3,ENSMUSG00000006542,0.00005,0.00604561,ENSMUST00000160732.7
Tbc1d4,ENSMUSG00000033083,0.00005,0.00604561,ENSMUST00000161304.1
Grip2,ENSMUSG00000030098,0.00005,0.00604561,ENSMUST00000162300.7
Vgll2,ENSMUSG00000049641,0.00005,0.00604561,ENSMUST00000163017.9
Baalc,ENSMUSG00000022296,0.00005,0.00604561,ENSMUST00000163313.2
Mfsd4b1,ENSMUSG00000038522,0.00005,0.00604561,ENSMUST00000163705.2
Rasgrp3,ENSMUSG00000071042,0.00005,0.00604561,ENSMUST00000164192.7
Egr1,ENSMUSG00000038418,0.00005,0.00604561,ENSMUST00000165033.1
Ctif,ENSMUSG00000052928,0.00005,0.00604561,ENSMUST00000165559.1
Vash2,ENSMUSG00000037568,0.00005,0.00604561,ENSMUST00000166139.6
Mchr1,ENSMUSG00000050164,0.00005,0.00604561,ENSMUST00000166855.2
Mpst,ENSMUSG00000071711,0.00005,0.00604561,ENSMUST00000167140.7
Apold1,ENSMUSG00000090698,0.00005,0.00604561,ENSMUST00000167323.2
Sema6c,ENSMUSG00000038777,0.00005,0.00604561,ENSMUST00000168321.7
Dhrs7c,ENSMUSG00000033044,0.00005,0.00604561,ENSMUST00000168612.7
Islr,ENSMUSG00000037206,0.00005,0.00604561,ENSMUST00000168864.3
Dhx37,ENSMUSG00000029480,0.00005,0.00604561,ENSMUST00000169485.5
Ankrd10,ENSMUSG00000031508,0.00005,0.00604561,ENSMUST00000169782.2
F830016B08Rik,ENSMUSG00000090942,0.00005,0.00604561,ENSMUST00000171297.1
Nrep,ENSMUSG00000042834,0.00005,0.00604561,ENSMUST00000171533.7
Baz1a,ENSMUSG00000035021,0.00005,0.00604561,ENSMUST00000173433.7
Fam240a,ENSMUSG00000096393,0.00005,0.00604561,ENSMUST00000177678.1
Tpbgl,ENSMUSG00000096606,0.00005,0.00604561,ENSMUST00000178124.2
1700001L05Rik,ENSMUSG00000075511,0.00005,0.00604561,ENSMUST00000178628.8
Lmnb2,ENSMUSG00000062075,0.00005,0.00604561,ENSMUST00000179022.7
Nlrc3,ENSMUSG00000049871,0.00005,0.00604561,ENSMUST00000180200.7
A330094K24Rik,ENSMUSG00000097666,0.00005,0.00604561,ENSMUST00000180530.1
4632428C04Rik,ENSMUSG00000097184,0.00005,0.00604561,ENSMUST00000181485.2
Gm28653,ENSMUSG00000099906,0.00005,0.00604561,ENSMUST00000185494.1
Gm5702,ENSMUSG00000100041,0.00005,0.00604561,ENSMUST00000185629.1
Gm29064,ENSMUSG00000100129,0.00005,0.00604561,ENSMUST00000187014.1
2310015D24Rik,ENSMUSG00000099411,0.00005,0.00604561,ENSMUST00000187920.1
2310020H05Rik,ENSMUSG00000100410,0.00005,0.00604561,ENSMUST00000189489.1
5730419F03Rik,ENSMUSG00000099364,0.00005,0.00604561,ENSMUST00000190504.1
Lsmem2,ENSMUSG00000103409,0.00005,0.00604561,ENSMUST00000191791.1
Gm32391,ENSMUSG00000104011,0.00005,0.00604561,ENSMUST00000191839.1
Gm37435,ENSMUSG00000102676,0.00005,0.00604561,ENSMUST00000192078.1
Gm37829,ENSMUSG00000104453,0.00005,0.00604561,ENSMUST00000193864.1
Gm36211,ENSMUSG00000106426,0.00005,0.00604561,ENSMUST00000198171.1
Gm4861,ENSMUSG00000055138,0.00005,0.00604561,ENSMUST00000198629.4
Rufy3,ENSMUSG00000029291,0.00005,0.00604561,ENSMUST00000198965.4
Gm43726,ENSMUSG00000106353,0.00005,0.00604561,ENSMUST00000199110.1
Gm43077,ENSMUSG00000105535,0.00005,0.00604561,ENSMUST00000200602.1
Plin1,ENSMUSG00000030546,0.00005,0.00604561,ENSMUST00000205915.1
Gm19410,ENSMUSG00000109372,0.00005,0.00604561,ENSMUST00000207505.1
Prss23,ENSMUSG00000039405,0.00005,0.00604561,ENSMUST00000207932.1
Gm44658,ENSMUSG00000109424,0.00005,0.00604561,ENSMUST00000207965.1
Gm34474,ENSMUSG00000109773,0.00005,0.00604561,ENSMUST00000209645.1
AI593442,ENSMUSG00000078307,0.00005,0.00604561,ENSMUST00000213937.1
Gm36543,ENSMUSG00000112803,0.00005,0.00604561,ENSMUST00000217933.1
Gm36660,ENSMUSG00000111933,0.00005,0.00604561,ENSMUST00000218323.1
D830013O20Rik,ENSMUSG00000056359,0.00005,0.00604561,ENSMUST00000221180.1
Ccdc85c,ENSMUSG00000084883,0.00005,0.00604561,ENSMUST00000222310.1
Egr3,ENSMUSG00000033730,0.00005,0.00604561,ENSMUST00000225200.1
Dgkh,ENSMUSG00000034731,0.00005,0.00604561,ENSMUST00000226342.1
Eppk1,ENSMUSG00000115388,0.00005,0.00604561,ENSMUST00000226781.2
Gm49231,ENSMUSG00000115013,0.00005,0.00604561,ENSMUST00000226888.1
Hmcn2,ENSMUSG00000055632,0.00005,0.00604561,ENSMUST00000226996.1
Klhl33,ENSMUSG00000090799,0.00005,0.00604561,ENSMUST00000227271.1
Ang2,ENSMUSG00000047894,0.00005,0.00604561,ENSMUST00000228835.1
Zfp385a,ENSMUSG00000000552,0.00005,0.00604561,ENSMUST00000229373.1
Sec14l5,ENSMUSG00000091712,0.00005,0.00604561,ENSMUST00000230616.1
AC125141.3,ENSMUSG00000116879,0.00005,0.00604561,ENSMUST00000232133.1
Hsf2bp,ENSMUSG00000002076,0.0001,0.0109561,ENSMUST00000002145.11
Mlxipl,ENSMUSG00000005373,0.0001,0.0109561,ENSMUST00000005507.9
Thg1l,ENSMUSG00000011254,0.0001,0.0109561,ENSMUST00000011398.12
Aatf,ENSMUSG00000018697,0.0001,0.0109561,ENSMUST00000018841.2
Adipoq,ENSMUSG00000022878,0.0001,0.0109561,ENSMUST00000023593.5
Adamts1,ENSMUSG00000022893,0.0001,0.0109561,ENSMUST00000023610.14
Itgb8,ENSMUSG00000025321,0.0001,0.0109561,ENSMUST00000026360.8
Nop16,ENSMUSG00000025869,0.0001,0.0109561,ENSMUST00000026987.11
Acvr1c,ENSMUSG00000026834,0.0001,0.0109561,ENSMUST00000028178.13
Stom,ENSMUSG00000026880,0.0001,0.0109561,ENSMUST00000028241.6
Col1a2,ENSMUSG00000029661,0.0001,0.0109561,ENSMUST00000031668.9
Golt1b,ENSMUSG00000030245,0.0001,0.0109561,ENSMUST00000032372.6
Vasp,ENSMUSG00000030403,0.0001,0.0109561,ENSMUST00000032561.8
Crym,ENSMUSG00000030905,0.0001,0.0109561,ENSMUST00000033198.5
Adk,ENSMUSG00000039197,0.0001,0.0109561,ENSMUST00000045376.10
Apobec2,ENSMUSG00000040694,0.0001,0.0109561,ENSMUST00000046549.3
Pus7l,ENSMUSG00000033356,0.0001,0.0109561,ENSMUST00000049151.3
Zfp770,ENSMUSG00000040321,0.0001,0.0109561,ENSMUST00000050668.3
Slc35e4,ENSMUSG00000048807,0.0001,0.0109561,ENSMUST00000051207.1
AI464131,ENSMUSG00000046312,0.0001,0.0109561,ENSMUST00000054920.4
Rasip1,ENSMUSG00000044562,0.0001,0.0109561,ENSMUST00000057927.9
Hs3st5,ENSMUSG00000044499,0.0001,0.0109561,ENSMUST00000058738.10
Rasd1,ENSMUSG00000049892,0.0001,0.0109561,ENSMUST00000062405.7
Glb1l2,ENSMUSG00000036395,0.0001,0.0109561,ENSMUST00000066560.12
Fam19a5,ENSMUSG00000054863,0.0001,0.0109561,ENSMUST00000068088.7
Musk,ENSMUSG00000057280,0.0001,0.0109561,ENSMUST00000084578.11
Hrc,ENSMUSG00000038239,0.0001,0.0109561,ENSMUST00000085351.6
Lsmem1,ENSMUSG00000071342,0.0001,0.0109561,ENSMUST00000095760.2
Ehd2,ENSMUSG00000074364,0.0001,0.0109561,ENSMUST00000098799.4
Scube2,ENSMUSG00000007279,0.0001,0.0109561,ENSMUST00000106729.7
Zfand2a,ENSMUSG00000053581,0.0001,0.0109561,ENSMUST00000110851.7
Jam2,ENSMUSG00000053062,0.0001,0.0109561,ENSMUST00000114195.7
Ltbp4,ENSMUSG00000040488,0.0001,0.0109561,ENSMUST00000121175.7
Kcne1l,ENSMUSG00000090122,0.0001,0.0109561,ENSMUST00000134825.2
Ccdc85a,ENSMUSG00000032878,0.0001,0.0109561,ENSMUST00000146385.8
Grb14,ENSMUSG00000026888,0.0001,0.0109561,ENSMUST00000156765.1
Apbb2,ENSMUSG00000029207,0.0001,0.0109561,ENSMUST00000162955.7
Myc,ENSMUSG00000022346,0.0001,0.0109561,ENSMUST00000167731.7
Gm807,ENSMUSG00000097848,0.0001,0.0109561,ENSMUST00000181742.1
Nav2,ENSMUSG00000052512,0.0001,0.0109561,ENSMUST00000184945.7
3300002P13Rik,ENSMUSG00000107585,0.0001,0.0109561,ENSMUST00000204020.1
Gm33926,ENSMUSG00000109329,0.0001,0.0109561,ENSMUST00000208755.1
Gm36210,ENSMUSG00000110221,0.0001,0.0109561,ENSMUST00000210663.1
Cd83,ENSMUSG00000015396,0.0001,0.0109561,ENSMUST00000221359.1
Gm28651,ENSMUSG00000101086,0.0001,0.0109561,ENSMUST00000227968.1
Klf12,ENSMUSG00000072294,0.0001,0.0109561,ENSMUST00000228216.1
Pdgfb,ENSMUSG00000000489,0.00015,0.0151367,ENSMUST00000000500.7
Sema4f,ENSMUSG00000000627,0.00015,0.0151367,ENSMUST00000000641.14
Txnrd3,ENSMUSG00000000811,0.00015,0.0151367,ENSMUST00000000828.12
Cyp2f2,ENSMUSG00000052974,0.00015,0.0151367,ENSMUST00000003100.9
Ppan,ENSMUSG00000004100,0.00015,0.0151367,ENSMUST00000004203.5
Ddx27,ENSMUSG00000017999,0.00015,0.0151367,ENSMUST00000018143.15
Slc2a4,ENSMUSG00000018566,0.00015,0.0151367,ENSMUST00000018710.12
Nubp1,ENSMUSG00000022503,0.00015,0.0151367,ENSMUST00000023146.4
Arhgdig,ENSMUSG00000073433,0.00015,0.0151367,ENSMUST00000025019.8
Pcgf6,ENSMUSG00000025050,0.00015,0.0151367,ENSMUST00000026032.5
Cd82,ENSMUSG00000027215,0.00015,0.0151367,ENSMUST00000028644.10
Antxr1,ENSMUSG00000033420,0.00015,0.0151367,ENSMUST00000042025.11
Rcan2,ENSMUSG00000039601,0.00015,0.0151367,ENSMUST00000044895.12
Ccdc141,ENSMUSG00000044033,0.00015,0.0151367,ENSMUST00000049544.13
Gprc5c,ENSMUSG00000051043,0.00015,0.0151367,ENSMUST00000053361.11
Ifi27l2a,ENSMUSG00000079017,0.00015,0.0151367,ENSMUST00000055071.8
Gpam,ENSMUSG00000024978,0.00015,0.0151367,ENSMUST00000061856.5
Map1b,ENSMUSG00000052727,0.00015,0.0151367,ENSMUST00000064762.5
Lgals4,ENSMUSG00000053964,0.00015,0.0151367,ENSMUST00000066723.14
Cdc42ep3,ENSMUSG00000036533,0.00015,0.0151367,ENSMUST00000068958.7
Tmem151a,ENSMUSG00000061451,0.00015,0.0151367,ENSMUST00000077066.7
Sox11,ENSMUSG00000063632,0.00015,0.0151367,ENSMUST00000079063.6
Slc41a1,ENSMUSG00000013275,0.00015,0.0151367,ENSMUST00000086559.6
Spp1,ENSMUSG00000029304,0.00015,0.0151367,ENSMUST00000086833.12
Selenbp1,ENSMUSG00000068874,0.00015,0.0151367,ENSMUST00000090839.11
Kera,ENSMUSG00000019932,0.00015,0.0151367,ENSMUST00000105286.3
Lypd6,ENSMUSG00000050447,0.00015,0.0151367,ENSMUST00000112712.9
Phtf2,ENSMUSG00000039987,0.00015,0.0151367,ENSMUST00000118174.7
Mir17hg,ENSMUSG00000089726,0.00015,0.0151367,ENSMUST00000134140.2
Hsbp1l1,ENSMUSG00000078963,0.00015,0.0151367,ENSMUST00000166219.1
Lifr,ENSMUSG00000054263,0.00015,0.0151367,ENSMUST00000171588.1
H2-Q6,ENSMUSG00000073409,0.00015,0.0151367,ENSMUST00000174699.7
A430046D13Rik,ENSMUSG00000097353,0.00015,0.0151367,ENSMUST00000180477.1
4930552P12Rik,ENSMUSG00000097632,0.00015,0.0151367,ENSMUST00000181198.1
4930516B21Rik,ENSMUSG00000097504,0.00015,0.0151367,ENSMUST00000181600.1
Gm45620,ENSMUSG00000110239,0.00015,0.0151367,ENSMUST00000209980.1
Gm33148,ENSMUSG00000110125,0.00015,0.0151367,ENSMUST00000210835.1
Cdh16,ENSMUSG00000031881,0.00015,0.0151367,ENSMUST00000212318.1
Gm7476,ENSMUSG00000112605,0.00015,0.0151367,ENSMUST00000220112.1
Gm48445,ENSMUSG00000113308,0.00015,0.0151367,ENSMUST00000223203.1
Gm35333,ENSMUSG00000114274,0.00015,0.0151367,ENSMUST00000225281.1
A930003A15Rik,ENSMUSG00000075330,0.00015,0.0151367,ENSMUST00000231564.1
Prkd1,ENSMUSG00000002688,0.0002,0.0192419,ENSMUST00000002765.8
Ypel2,ENSMUSG00000018427,0.0002,0.0192419,ENSMUST00000018571.4
Best3,ENSMUSG00000020169,0.0002,0.0192419,ENSMUST00000020378.4
Cyp46a1,ENSMUSG00000021259,0.0002,0.0192419,ENSMUST00000021684.5
Auh,ENSMUSG00000021460,0.0002,0.0192419,ENSMUST00000021913.15
Mss51,ENSMUSG00000021815,0.0002,0.0192419,ENSMUST00000022353.4
Fosl1,ENSMUSG00000024912,0.0002,0.0192419,ENSMUST00000025850.5
Dlc1,ENSMUSG00000031523,0.0002,0.0192419,ENSMUST00000033923.13
Slc36a2,ENSMUSG00000020264,0.0002,0.0192419,ENSMUST00000039305.5
P3h2,ENSMUSG00000038168,0.0002,0.0192419,ENSMUST00000039990.5
Acaa2,ENSMUSG00000036880,0.0002,0.0192419,ENSMUST00000041053.9
Nop2,ENSMUSG00000038279,0.0002,0.0192419,ENSMUST00000044200.10
Tlr4,ENSMUSG00000039005,0.0002,0.0192419,ENSMUST00000048096.11
Klhdc1,ENSMUSG00000051890,0.0002,0.0192419,ENSMUST00000063445.12
Megf10,ENSMUSG00000024593,0.0002,0.0192419,ENSMUST00000075770.12
Sgcd,ENSMUSG00000020354,0.0002,0.0192419,ENSMUST00000077221.5
Pgd,ENSMUSG00000028961,0.0002,0.0192419,ENSMUST00000084124.6
Rspo3,ENSMUSG00000019880,0.0002,0.0192419,ENSMUST00000092623.4
Mlycd,ENSMUSG00000074064,0.0002,0.0192419,ENSMUST00000098367.4
Ass1,ENSMUSG00000076441,0.0002,0.0192419,ENSMUST00000102840.4
Shroom3,ENSMUSG00000029381,0.0002,0.0192419,ENSMUST00000113054.8
Gm12319,ENSMUSG00000087523,0.0002,0.0192419,ENSMUST00000131642.1
Meg3,ENSMUSG00000021268,0.0002,0.0192419,ENSMUST00000146701.7
Sspo,ENSMUSG00000029797,0.0002,0.0192419,ENSMUST00000185370.6
Stat1,ENSMUSG00000026104,0.0002,0.0192419,ENSMUST00000186857.6
Prrt3,ENSMUSG00000045009,0.0002,0.0192419,ENSMUST00000204268.2
Pdk1,ENSMUSG00000006494,0.00025,0.023021,ENSMUST00000006669.5
Ttll1,ENSMUSG00000022442,0.00025,0.023021,ENSMUST00000016897.11
Atf6,ENSMUSG00000026663,0.00025,0.023021,ENSMUST00000027974.6
Dusp4,ENSMUSG00000031530,0.00025,0.023021,ENSMUST00000033930.4
Kcna2,ENSMUSG00000040724,0.00025,0.023021,ENSMUST00000038695.5
Mcph1,ENSMUSG00000039842,0.00025,0.023021,ENSMUST00000039412.14
Gbp7,ENSMUSG00000040253,0.00025,0.023021,ENSMUST00000045097.10
Ppp1r3d,ENSMUSG00000049999,0.00025,0.023021,ENSMUST00000058678.4
Lmod1,ENSMUSG00000048096,0.00025,0.023021,ENSMUST00000059352.2
Napepld,ENSMUSG00000044968,0.00025,0.023021,ENSMUST00000060899.8
Slc25a42,ENSMUSG00000002346,0.00025,0.023021,ENSMUST00000063788.7
Tmem119,ENSMUSG00000054675,0.00025,0.023021,ENSMUST00000067853.5
Cd248,ENSMUSG00000056481,0.00025,0.023021,ENSMUST00000070630.6
Pnmal2,ENSMUSG00000070802,0.00025,0.023021,ENSMUST00000094807.5
Fndc1,ENSMUSG00000071984,0.00025,0.023021,ENSMUST00000097425.9
Krt222,ENSMUSG00000035849,0.00025,0.023021,ENSMUST00000103132.9
Elmod3,ENSMUSG00000056698,0.00025,0.023021,ENSMUST00000114069.7
Kbtbd12,ENSMUSG00000033182,0.00025,0.023021,ENSMUST00000120933.4
Kcnma1,ENSMUSG00000063142,0.00025,0.023021,ENSMUST00000145596.2
Slc37a2,ENSMUSG00000032122,0.00025,0.023021,ENSMUST00000161114.1
Fam240b,ENSMUSG00000096537,0.00025,0.023021,ENSMUST00000180282.1
Gm34302,ENSMUSG00000103476,0.00025,0.023021,ENSMUST00000192926.1
Gm5113,ENSMUSG00000066647,0.00025,0.023021,ENSMUST00000209028.1
Gm45512,ENSMUSG00000110071,0.00025,0.023021,ENSMUST00000210432.1
Akap12,ENSMUSG00000038587,0.00025,0.023021,ENSMUST00000216139.1
E2f4,ENSMUSG00000014859,0.0003,0.0265329,ENSMUST00000015003.9
Ddo,ENSMUSG00000063428,0.0003,0.0265329,ENSMUST00000019977.7
Lama4,ENSMUSG00000019846,0.0003,0.0265329,ENSMUST00000019992.5
Sdc2,ENSMUSG00000022261,0.0003,0.0265329,ENSMUST00000022871.6
Cst6,ENSMUSG00000024846,0.0003,0.0265329,ENSMUST00000025764.5
Clcn1,ENSMUSG00000029862,0.0003,0.0265329,ENSMUST00000031894.12
Cep126,ENSMUSG00000040729,0.0003,0.0265329,ENSMUST00000037397.7
Trmt6,ENSMUSG00000037376,0.0003,0.0265329,ENSMUST00000039554.6
Orai2,ENSMUSG00000039747,0.0003,0.0265329,ENSMUST00000041048.5
Rilp,ENSMUSG00000038195,0.0003,0.0265329,ENSMUST00000042972.6
Zfp503,ENSMUSG00000039081,0.0003,0.0265329,ENSMUST00000043409.8
Spag5,ENSMUSG00000002055,0.0003,0.0265329,ENSMUST00000045026.3
Lipe,ENSMUSG00000003123,0.0003,0.0265329,ENSMUST00000054301.13
Klhl31,ENSMUSG00000044938,0.0003,0.0265329,ENSMUST00000057781.7
Olfr78,ENSMUSG00000043366,0.0003,0.0265329,ENSMUST00000060187.14
Ier2,ENSMUSG00000053560,0.0003,0.0265329,ENSMUST00000060427.4
Mpz,ENSMUSG00000056569,0.0003,0.0265329,ENSMUST00000070758.9
Tcea3,ENSMUSG00000001604,0.0003,0.0265329,ENSMUST00000102533.10
Lrrc8b,ENSMUSG00000070639,0.0003,0.0265329,ENSMUST00000112707.2
Ttll11,ENSMUSG00000026885,0.0003,0.0265329,ENSMUST00000112976.8
Abhd18,ENSMUSG00000037818,0.0003,0.0265329,ENSMUST00000159774.6
Mettl21c,ENSMUSG00000047343,0.0003,0.0265329,ENSMUST00000159881.1
Hephl1,ENSMUSG00000031936,0.0003,0.0265329,ENSMUST00000159985.1
Lrrc32,ENSMUSG00000090958,0.0003,0.0265329,ENSMUST00000165205.1
Dusp1,ENSMUSG00000024190,0.00035,0.0300156,ENSMUST00000025025.6
Ubtd1,ENSMUSG00000025171,0.00035,0.0300156,ENSMUST00000026170.1
Serpine2,ENSMUSG00000026249,0.00035,0.0300156,ENSMUST00000027467.10
Mylk2,ENSMUSG00000027470,0.00035,0.0300156,ENSMUST00000028970.7
Acta2,ENSMUSG00000035783,0.00035,0.0300156,ENSMUST00000039631.8
Ppp1r13l,ENSMUSG00000040734,0.00035,0.0300156,ENSMUST00000047621.13
Abra,ENSMUSG00000042895,0.00035,0.0300156,ENSMUST00000054742.6
Lurap1l,ENSMUSG00000048706,0.00035,0.0300156,ENSMUST00000055922.3
Chst1,ENSMUSG00000027221,0.00035,0.0300156,ENSMUST00000065797.6
Dera,ENSMUSG00000030225,0.00035,0.0300156,ENSMUST00000087675.8
Ifit1,ENSMUSG00000034459,0.00035,0.0300156,ENSMUST00000102824.3
B4galt5,ENSMUSG00000017929,0.00035,0.0300156,ENSMUST00000109221.8
Mpped2,ENSMUSG00000016386,0.00035,0.0300156,ENSMUST00000111063.7
Gm12295,ENSMUSG00000085162,0.00035,0.0300156,ENSMUST00000128453.7
Lgals12,ENSMUSG00000024972,0.00035,0.0300156,ENSMUST00000159983.7
Hspa4l,ENSMUSG00000025757,0.00035,0.0300156,ENSMUST00000204702.2
AU020206,ENSMUSG00000097415,0.00035,0.0300156,ENSMUST00000206358.1
Prdm8,ENSMUSG00000035456,0.00035,0.0300156,ENSMUST00000210477.1
AC162693.1,ENSMUSG00000116066,0.00035,0.0300156,ENSMUST00000230071.1
1700016C15Rik,ENSMUSG00000015962,0.0004,0.0329356,ENSMUST00000016106.5
Ehhadh,ENSMUSG00000022853,0.0004,0.0329356,ENSMUST00000023559.6
Pla2g16,ENSMUSG00000060675,0.0004,0.0329356,ENSMUST00000025925.10
Arhgap19,ENSMUSG00000025154,0.0004,0.0329356,ENSMUST00000026150.14
Dpt,ENSMUSG00000026574,0.0004,0.0329356,ENSMUST00000027861.5
Ces1f,ENSMUSG00000031725,0.0004,0.0329356,ENSMUST00000034178.8
Dock4,ENSMUSG00000035954,0.0004,0.0329356,ENSMUST00000037488.7
Aldh5a1,ENSMUSG00000035936,0.0004,0.0329356,ENSMUST00000037615.6
Cavin2,ENSMUSG00000045954,0.0004,0.0329356,ENSMUST00000051572.7
Flnb,ENSMUSG00000025278,0.0004,0.0329356,ENSMUST00000052678.8
Panx1,ENSMUSG00000031934,0.0004,0.0329356,ENSMUST00000056755.7
Kcne4,ENSMUSG00000047330,0.0004,0.0329356,ENSMUST00000057262.7
Qrfp,ENSMUSG00000043102,0.0004,0.0329356,ENSMUST00000057407.2
Ntf5,ENSMUSG00000074121,0.0004,0.0329356,ENSMUST00000058879.7
Tpm3-rs7,ENSMUSG00000058126,0.0004,0.0329356,ENSMUST00000072359.7
Utp14a,ENSMUSG00000063785,0.0004,0.0329356,ENSMUST00000080713.4
Fmnl3,ENSMUSG00000023008,0.0004,0.0329356,ENSMUST00000088233.12
Col11a1,ENSMUSG00000027966,0.0004,0.0329356,ENSMUST00000092155.11
Ush1g,ENSMUSG00000045288,0.0004,0.0329356,ENSMUST00000103037.4
Gamt,ENSMUSG00000020150,0.0004,0.0329356,ENSMUST00000105363.7
Samd8,ENSMUSG00000021770,0.0004,0.0329356,ENSMUST00000119430.2
Xpnpep3,ENSMUSG00000022401,0.0004,0.0329356,ENSMUST00000163754.8
Cd101,ENSMUSG00000086564,0.0004,0.0329356,ENSMUST00000167086.1
Pkdcc,ENSMUSG00000024247,0.0004,0.0329356,ENSMUST00000170794.7
Slc25a37,ENSMUSG00000034248,0.0004,0.0329356,ENSMUST00000184497.1
Frrs1,ENSMUSG00000033386,0.0004,0.0329356,ENSMUST00000195905.4
Adamts5,ENSMUSG00000022894,0.00045,0.0363282,ENSMUST00000023611.6
Cpt1a,ENSMUSG00000024900,0.00045,0.0363282,ENSMUST00000025835.4
Pak1,ENSMUSG00000030774,0.00045,0.0363282,ENSMUST00000033040.11
Itga11,ENSMUSG00000032243,0.00045,0.0363282,ENSMUST00000034774.8
Ston2,ENSMUSG00000020961,0.00045,0.0363282,ENSMUST00000052969.14
Them6,ENSMUSG00000056665,0.00045,0.0363282,ENSMUST00000070923.2
Rgma,ENSMUSG00000070509,0.00045,0.0363282,ENSMUST00000094312.11
Camk2a,ENSMUSG00000024617,0.00045,0.0363282,ENSMUST00000102888.9
Slc47a1,ENSMUSG00000010122,0.00045,0.0363282,ENSMUST00000131723.7
Dclk1,ENSMUSG00000027797,0.00045,0.0363282,ENSMUST00000167204.7
Gm43797,ENSMUSG00000104694,0.00045,0.0363282,ENSMUST00000198221.1
Rp1,ENSMUSG00000025900,0.00045,0.0363282,ENSMUST00000208660.1
AC161376.2,ENSMUSG00000116793,0.00045,0.0363282,ENSMUST00000232216.1
Asf1b,ENSMUSG00000005470,0.0005,0.0393585,ENSMUST00000005607.8
Jpt1,ENSMUSG00000020737,0.0005,0.0393585,ENSMUST00000021083.6
Angptl1,ENSMUSG00000033544,0.0005,0.0393585,ENSMUST00000027885.7
Ppp2r2c,ENSMUSG00000029120,0.0005,0.0393585,ENSMUST00000031003.10
Fah,ENSMUSG00000030630,0.0005,0.0393585,ENSMUST00000032865.16
Car14,ENSMUSG00000038526,0.0005,0.0393585,ENSMUST00000036181.14
Zmat4,ENSMUSG00000037492,0.0005,0.0393585,ENSMUST00000042352.10
Ptprq,ENSMUSG00000035916,0.0005,0.0393585,ENSMUST00000050702.8
Fam131a,ENSMUSG00000050821,0.0005,0.0393585,ENSMUST00000056518.12
Fat4,ENSMUSG00000046743,0.0005,0.0393585,ENSMUST00000061260.7
Pcdh17,ENSMUSG00000035566,0.0005,0.0393585,ENSMUST00000071370.6
Pum3,ENSMUSG00000041360,0.0005,0.0393585,ENSMUST00000076219.4
Stra6,ENSMUSG00000032327,0.0005,0.0393585,ENSMUST00000085677.8
Trp63,ENSMUSG00000022510,0.0005,0.0393585,ENSMUST00000115308.8
Gm44474,ENSMUSG00000104820,0.0005,0.0393585,ENSMUST00000196525.1
Gm47155,ENSMUSG00000114019,0.0005,0.0393585,ENSMUST00000220564.1
Dcaf4,ENSMUSG00000021222,0.00055,0.0421209,ENSMUST00000021645.8
Aqp7,ENSMUSG00000028427,0.00055,0.0421209,ENSMUST00000030136.12
Pdpn,ENSMUSG00000028583,0.00055,0.0421209,ENSMUST00000030317.13
Prmt3,ENSMUSG00000030505,0.00055,0.0421209,ENSMUST00000032715.12
Abhd2,ENSMUSG00000039202,0.00055,0.0421209,ENSMUST00000037315.12
Dusp5,ENSMUSG00000034765,0.00055,0.0421209,ENSMUST00000038287.6
Cpq,ENSMUSG00000039007,0.00055,0.0421209,ENSMUST00000042167.9
D630003M21Rik,ENSMUSG00000037813,0.00055,0.0421209,ENSMUST00000046944.5
Cmtm8,ENSMUSG00000041012,0.00055,0.0421209,ENSMUST00000047013.3
Adig,ENSMUSG00000044405,0.00055,0.0421209,ENSMUST00000059889.3
Tiam2,ENSMUSG00000023800,0.00055,0.0421209,ENSMUST00000072156.6
Serpine1,ENSMUSG00000037411,0.00055,0.0421209,ENSMUST00000077523.3
Ebf1,ENSMUSG00000057098,0.00055,0.0421209,ENSMUST00000081265.11
Aldh1a1,ENSMUSG00000053279,0.00055,0.0421209,ENSMUST00000087638.3
Col3a1,ENSMUSG00000026043,0.00055,0.0421209,ENSMUST00000087883.12
Rbms3,ENSMUSG00000039607,0.00055,0.0421209,ENSMUST00000111773.9
2810405F17Rik,ENSMUSG00000101493,0.00055,0.0421209,ENSMUST00000189334.1
G930009F23Rik,ENSMUSG00000115009,0.00055,0.0421209,ENSMUST00000228650.1
Asb2,ENSMUSG00000021200,0.0006,0.0447375,ENSMUST00000021617.13
Racgap1,ENSMUSG00000023015,0.0006,0.0447375,ENSMUST00000023756.11
Dnase1l3,ENSMUSG00000025279,0.0006,0.0447375,ENSMUST00000026315.7
Dgat2,ENSMUSG00000030747,0.0006,0.0447375,ENSMUST00000033001.5
Plekhh1,ENSMUSG00000060716,0.0006,0.0447375,ENSMUST00000039928.6
Eepd1,ENSMUSG00000036611,0.0006,0.0447375,ENSMUST00000040677.5
Retsat,ENSMUSG00000056666,0.0006,0.0447375,ENSMUST00000070597.12
Mdn1,ENSMUSG00000058006,0.0006,0.0447375,ENSMUST00000071642.10
Hmga2,ENSMUSG00000056758,0.0006,0.0447375,ENSMUST00000072777.13
Rasgrp3,ENSMUSG00000071042,0.0006,0.0447375,ENSMUST00000095204.4
Anxa6,ENSMUSG00000018340,0.0006,0.0447375,ENSMUST00000108883.9
Cpt1b,ENSMUSG00000078937,0.0006,0.0447375,ENSMUST00000109313.8
Efcab6,ENSMUSG00000022441,0.0006,0.0447375,ENSMUST00000156187.7
Fer1l6,ENSMUSG00000037106,0.0006,0.0447375,ENSMUST00000159177.1
Stx11,ENSMUSG00000039232,0.0006,0.0447375,ENSMUST00000163425.8
Vwa3a,ENSMUSG00000030889,0.0006,0.0447375,ENSMUST00000167213.8
Gemin5,ENSMUSG00000037275,0.0006,0.0447375,ENSMUST00000172035.7
Trdc,ENSMUSG00000104876,0.0006,0.0447375,ENSMUST00000196323.1
Efr3b,ENSMUSG00000020658,0.0006,0.0447375,ENSMUST00000218166.1
Map3k14,ENSMUSG00000020941,0.00065,0.0472835,ENSMUST00000021324.2
Pank4,ENSMUSG00000029056,0.00065,0.0472835,ENSMUST00000030931.10
Gmds,ENSMUSG00000038372,0.00065,0.0472835,ENSMUST00000041859.8
Wdr43,ENSMUSG00000041057,0.00065,0.0472835,ENSMUST00000047086.9
Morn4,ENSMUSG00000049670,0.00065,0.0472835,ENSMUST00000051772.8
Utp18,ENSMUSG00000054079,0.00065,0.0472835,ENSMUST00000066888.9
Uprt,ENSMUSG00000073016,0.00065,0.0472835,ENSMUST00000087867.5
Kcnj12,ENSMUSG00000042529,0.00065,0.0472835,ENSMUST00000089184.10
Sh2d6,ENSMUSG00000052631,0.00065,0.0472835,ENSMUST00000089687.10
Ppara,ENSMUSG00000022383,0.00065,0.0472835,ENSMUST00000109422.7
Kcnh2,ENSMUSG00000038319,0.00065,0.0472835,ENSMUST00000115098.6
Dusp26,ENSMUSG00000039661,0.00065,0.0472835,ENSMUST00000161713.1
Slpi,ENSMUSG00000017002,0.00065,0.0472835,ENSMUST00000165980.1
Shq1,ENSMUSG00000035378,0.00065,0.0472835,ENSMUST00000170667.7
2310040G24Rik,ENSMUSG00000101655,0.00065,0.0472835,ENSMUST00000189386.1
Zfp36,ENSMUSG00000044786,0.00065,0.0472835,ENSMUST00000209061.1
Gm32389,ENSMUSG00000109603,0.00065,0.0472835,ENSMUST00000209312.1
Ftsj3,ENSMUSG00000020706,0.0007,0.0492523,ENSMUST00000021048.6
Rb1,ENSMUSG00000022105,0.0007,0.0492523,ENSMUST00000022701.6
Prss12,ENSMUSG00000027978,0.0007,0.0492523,ENSMUST00000029603.9
Gpat3,ENSMUSG00000029314,0.0007,0.0492523,ENSMUST00000031255.14
Mt2,ENSMUSG00000031762,0.0007,0.0492523,ENSMUST00000034214.7
Spsb1,ENSMUSG00000039911,0.0007,0.0492523,ENSMUST00000038562.8
Nop14,ENSMUSG00000036693,0.0007,0.0492523,ENSMUST00000041364.12
Thrsp,ENSMUSG00000035686,0.0007,0.0492523,ENSMUST00000043077.7
Gipc3,ENSMUSG00000034872,0.0007,0.0492523,ENSMUST00000045102.6
Gpr4,ENSMUSG00000044317,0.0007,0.0492523,ENSMUST00000060225.5
Gnai1,ENSMUSG00000057614,0.0007,0.0492523,ENSMUST00000074694.6
Rest,ENSMUSG00000029249,0.0007,0.0492523,ENSMUST00000080359.11
Cd93,ENSMUSG00000027435,0.0007,0.0492523,ENSMUST00000099269.3
Ptgfrn,ENSMUSG00000027864,0.0007,0.0492523,ENSMUST00000102694.3
Cux2,ENSMUSG00000042589,0.0007,0.0492523,ENSMUST00000111752.9
Hacd1,ENSMUSG00000063275,0.0007,0.0492523,ENSMUST00000114753.7
Gatad2a,ENSMUSG00000036180,0.0007,0.0492523,ENSMUST00000116463.3
Hist1h2be,ENSMUSG00000047246,0.0007,0.0492523,ENSMUST00000129312.1
Tead4,ENSMUSG00000030353,0.0007,0.0492523,ENSMUST00000130454.7
Gan,ENSMUSG00000052557,0.0007,0.0492523,ENSMUST00000162997.2
Plxna1,ENSMUSG00000030084,0.0007,0.0492523,ENSMUST00000163139.7
Zfp423,ENSMUSG00000045333,0.0007,0.0492523,ENSMUST00000165770.8
Gm32200,ENSMUSG00000103114,0.0007,0.0492523,ENSMUST00000192778.1
Nnt,ENSMUSG00000116207,0.0007,0.0492523,ENSMUST00000223268.1
